invoice_id,branch,city,customer_type,gender,product_line,unit_price,quantity,tax_5%,sales,date,time,payment,cogs,gross_margin_percentage,gross_income,rating,calculated_cogs,cogs_difference,year,month,day,day_name
750-67-8428,Alex,Yangon,Member,Female,Health And Beauty,74.69,7,26.1415,548.9715,2019-01-05,1:08:00 PM,Ewallet,522.83,4.761904762,26.1415,9.1,522.8299999999999,1.1368683772161603e-13,2019,1,5,Saturday
226-31-3081,Giza,Naypyitaw,Normal,Female,Electronic Accessories,15.28,5,3.82,80.22,2019-03-08,10:29:00 AM,Cash,76.4,4.761904762,3.82,9.6,76.39999999999999,1.4210854715202004e-14,2019,3,8,Friday
631-41-3108,Alex,Yangon,Normal,Female,Home And Lifestyle,46.33,7,16.2155,340.5255,2019-03-03,1:23:00 PM,Credit card,324.31,4.761904762,16.2155,7.4,324.31,0.0,2019,3,3,Sunday
123-19-1176,Alex,Yangon,Member,Female,Health And Beauty,58.22,8,23.288,489.048,2019-01-27,8:33:00 PM,Ewallet,465.76,4.761904762,23.288,8.4,465.76,0.0,2019,1,27,Sunday
373-73-7910,Alex,Yangon,Member,Female,Sports And Travel,86.31,7,30.2085,634.3785,2019-02-08,10:37:00 AM,Ewallet,604.17,4.761904762,30.2085,5.3,604.1700000000001,1.1368683772161603e-13,2019,2,8,Friday
699-14-3026,Giza,Naypyitaw,Member,Female,Electronic Accessories,85.39,7,29.8865,627.6165,2019-03-25,6:30:00 PM,Ewallet,597.73,4.761904762,29.8865,4.1,597.73,0.0,2019,3,25,Monday
355-53-5943,Alex,Yangon,Member,Female,Electronic Accessories,68.84,6,20.652,433.692,2019-02-25,2:36:00 PM,Ewallet,413.04,4.761904762,20.652,5.8,413.04,0.0,2019,2,25,Monday
315-22-5665,Giza,Naypyitaw,Member,Female,Home And Lifestyle,73.56,10,36.78,772.38,2019-02-24,11:38:00 AM,Ewallet,735.6,4.761904762,36.78,8.0,735.6,0.0,2019,2,24,Sunday
665-32-9167,Alex,Yangon,Member,Female,Health And Beauty,36.26,2,3.626,76.146,2019-01-10,5:15:00 PM,Credit card,72.52,4.761904762,3.626,7.2,72.52,0.0,2019,1,10,Thursday
692-92-5582,Cairo,Mandalay,Member,Female,Food And Beverages,54.84,3,8.226,172.746,2019-02-20,1:27:00 PM,Credit card,164.52,4.761904762,8.226,5.9,164.52,0.0,2019,2,20,Wednesday
351-62-0822,Cairo,Mandalay,Member,Female,Fashion Accessories,14.48,4,2.896,60.816,2019-02-06,6:07:00 PM,Ewallet,57.92,4.761904762,2.896,4.5,57.92,0.0,2019,2,6,Wednesday
529-56-3974,Cairo,Mandalay,Member,Female,Electronic Accessories,25.51,4,5.102,107.142,2019-03-09,5:03:00 PM,Cash,102.04,4.761904762,5.102,6.8,102.04,0.0,2019,3,9,Saturday
365-64-0515,Alex,Yangon,Member,Female,Electronic Accessories,46.95,5,11.7375,246.4875,2019-02-12,10:25:00 AM,Ewallet,234.75,4.761904762,11.7375,7.1,234.75,0.0,2019,2,12,Tuesday
252-56-2699,Alex,Yangon,Member,Female,Food And Beverages,43.19,10,21.595,453.495,2019-02-07,4:48:00 PM,Ewallet,431.9,4.761904762,21.595,8.2,431.9,0.0,2019,2,7,Thursday
829-34-3910,Alex,Yangon,Member,Female,Health And Beauty,71.38,10,35.69,749.49,2019-03-29,7:21:00 PM,Cash,713.8,4.761904762,35.69,5.7,713.8,0.0,2019,3,29,Friday
299-46-1805,Cairo,Mandalay,Member,Female,Sports And Travel,93.72,6,28.116,590.436,2019-01-15,4:19:00 PM,Cash,562.32,4.761904762,28.116,4.5,562.3199999999999,1.1368683772161603e-13,2019,1,15,Tuesday
656-95-9349,Alex,Yangon,Member,Female,Health And Beauty,68.93,7,24.1255,506.6355,2019-03-11,11:03:00 AM,Credit card,482.51,4.761904762,24.1255,4.6,482.51000000000005,5.684341886080802e-14,2019,3,11,Monday
765-26-6951,Alex,Yangon,Member,Female,Sports And Travel,72.61,6,21.783,457.443,2019-01-01,10:39:00 AM,Credit card,435.66,4.761904762,21.783,6.9,435.65999999999997,5.684341886080802e-14,2019,1,1,Tuesday
329-62-1586,Alex,Yangon,Member,Female,Food And Beverages,54.67,3,8.2005,172.2105,2019-01-21,6:00:00 PM,Credit card,164.01,4.761904762,8.2005,8.6,164.01,0.0,2019,1,21,Monday
319-50-3348,Cairo,Mandalay,Member,Female,Home And Lifestyle,40.3,2,4.03,84.63,2019-03-11,3:30:00 PM,Ewallet,80.6,4.761904762,4.03,4.4,80.6,0.0,2019,3,11,Monday
300-71-4605,Giza,Naypyitaw,Member,Female,Electronic Accessories,86.04,5,21.51,451.71,2019-02-25,11:24:00 AM,Ewallet,430.2,4.761904762,21.51,4.8,430.20000000000005,5.684341886080802e-14,2019,2,25,Monday
371-85-5789,Cairo,Mandalay,Member,Female,Health And Beauty,87.98,3,13.197,277.137,2019-03-05,10:40:00 AM,Ewallet,263.94,4.761904762,13.197,5.1,263.94,0.0,2019,3,5,Tuesday
273-16-6619,Cairo,Mandalay,Member,Female,Home And Lifestyle,33.2,2,3.32,69.72,2019-03-15,12:20:00 PM,Credit card,66.4,4.761904762,3.32,4.4,66.4,0.0,2019,3,15,Friday
636-48-8204,Alex,Yangon,Member,Female,Electronic Accessories,34.56,5,8.64,181.44,2019-02-17,11:15:00 AM,Ewallet,172.8,4.761904762,8.64,9.9,172.8,0.0,2019,2,17,Sunday
549-59-1358,Alex,Yangon,Member,Female,Sports And Travel,88.63,3,13.2945,279.1845,2019-03-02,5:36:00 PM,Ewallet,265.89,4.761904762,13.2945,6.0,265.89,0.0,2019,3,2,Saturday
227-03-5010,Alex,Yangon,Member,Female,Home And Lifestyle,52.59,8,21.036,441.756,2019-03-22,7:20:00 PM,Credit card,420.72,4.761904762,21.036,8.5,420.72,0.0,2019,3,22,Friday
649-29-6775,Cairo,Mandalay,Member,Female,Fashion Accessories,33.52,1,1.676,35.196,2019-02-08,3:31:00 PM,Cash,33.52,4.761904762,1.676,6.7,33.52,0.0,2019,2,8,Friday
189-17-4241,Alex,Yangon,Member,Female,Fashion Accessories,87.67,2,8.767,184.107,2019-03-10,12:17:00 PM,Credit card,175.34,4.761904762,8.767,7.7,175.34,0.0,2019,3,10,Sunday
145-94-9061,Cairo,Mandalay,Member,Female,Food And Beverages,88.36,5,22.09,463.89,2019-01-25,7:48:00 PM,Cash,441.8,4.761904762,22.09,9.6,441.8,0.0,2019,1,25,Friday
848-62-7243,Alex,Yangon,Member,Female,Health And Beauty,24.89,9,11.2005,235.2105,2019-03-15,3:36:00 PM,Cash,224.01,4.761904762,11.2005,7.4,224.01,0.0,2019,3,15,Friday
871-79-8483,Cairo,Mandalay,Member,Female,Fashion Accessories,94.13,5,23.5325,494.1825,2019-02-25,7:39:00 PM,Credit card,470.65,4.761904762,23.5325,4.8,470.65,0.0,2019,2,25,Monday
149-71-6266,Cairo,Mandalay,Member,Female,Sports And Travel,78.07,9,35.1315,737.7615,2019-01-28,12:43:00 PM,Cash,702.63,4.761904762,35.1315,4.5,702.6299999999999,1.1368683772161603e-13,2019,1,28,Monday
640-49-2076,Cairo,Mandalay,Member,Female,Sports And Travel,83.78,8,33.512,703.752,2019-01-10,2:49:00 PM,Cash,670.24,4.761904762,33.512,5.1,670.24,0.0,2019,1,10,Thursday
595-11-5460,Alex,Yangon,Member,Female,Health And Beauty,96.58,2,9.658,202.818,2019-03-15,10:12:00 AM,Credit card,193.16,4.761904762,9.658,5.1,193.16,0.0,2019,3,15,Friday
183-56-6882,Giza,Naypyitaw,Member,Female,Food And Beverages,99.42,4,19.884,417.564,2019-02-06,10:42:00 AM,Ewallet,397.68,4.761904762,19.884,7.5,397.68,0.0,2019,2,6,Wednesday
232-16-2483,Giza,Naypyitaw,Member,Female,Sports And Travel,68.12,1,3.406,71.526,2019-01-07,12:28:00 PM,Ewallet,68.12,4.761904762,3.406,6.8,68.12,0.0,2019,1,7,Monday
129-29-8530,Alex,Yangon,Member,Female,Sports And Travel,62.62,5,15.655,328.755,2019-03-10,7:15:00 PM,Ewallet,313.1,4.761904762,15.655,7.0,313.09999999999997,5.684341886080802e-14,2019,3,10,Sunday
272-65-1806,Alex,Yangon,Member,Female,Electronic Accessories,60.88,9,27.396,575.316,2019-01-15,5:17:00 PM,Ewallet,547.92,4.761904762,27.396,4.7,547.9200000000001,1.1368683772161603e-13,2019,1,15,Tuesday
333-73-7901,Giza,Naypyitaw,Member,Female,Health And Beauty,54.92,8,21.968,461.328,2019-03-23,1:24:00 PM,Ewallet,439.36,4.761904762,21.968,7.6,439.36,0.0,2019,3,23,Saturday
777-82-7220,Cairo,Mandalay,Member,Female,Home And Lifestyle,30.12,8,12.048,253.008,2019-03-03,1:01:00 PM,Cash,240.96,4.761904762,12.048,7.7,240.96,0.0,2019,3,3,Sunday
280-35-5823,Cairo,Mandalay,Member,Female,Home And Lifestyle,86.72,1,4.336,91.056,2019-01-17,6:45:00 PM,Ewallet,86.72,4.761904762,4.336,7.9,86.72,0.0,2019,1,17,Thursday
554-53-8700,Giza,Naypyitaw,Member,Female,Home And Lifestyle,56.11,2,5.611,117.831,2019-02-02,10:11:00 AM,Cash,112.22,4.761904762,5.611,6.3,112.22,0.0,2019,2,2,Saturday
354-25-5821,Cairo,Mandalay,Member,Female,Sports And Travel,69.12,6,20.736,435.456,2019-02-08,1:03:00 PM,Cash,414.72,4.761904762,20.736,5.6,414.72,0.0,2019,2,8,Friday
228-96-1411,Giza,Naypyitaw,Member,Female,Food And Beverages,98.7,8,39.48,829.08,2019-03-04,8:39:00 PM,Cash,789.6,4.761904762,39.48,7.6,789.6,0.0,2019,3,4,Monday
617-15-4209,Giza,Naypyitaw,Member,Female,Health And Beauty,15.37,2,1.537,32.277,2019-03-16,7:47:00 PM,Cash,30.74,4.761904762,1.537,7.2,30.74,0.0,2019,3,16,Saturday
132-32-9879,Cairo,Mandalay,Member,Female,Electronic Accessories,93.96,4,18.792,394.632,2019-03-09,6:00:00 PM,Cash,375.84,4.761904762,18.792,9.5,375.84,0.0,2019,3,9,Saturday
370-41-7321,Cairo,Mandalay,Member,Female,Health And Beauty,56.69,9,25.5105,535.7205,2019-02-27,5:24:00 PM,Credit card,510.21,4.761904762,25.5105,8.4,510.21,0.0,2019,2,27,Wednesday
727-46-3608,Cairo,Mandalay,Member,Female,Food And Beverages,20.01,9,9.0045,189.0945,2019-02-06,3:47:00 PM,Ewallet,180.09,4.761904762,9.0045,4.1,180.09,0.0,2019,2,6,Wednesday
669-54-1719,Cairo,Mandalay,Member,Female,Electronic Accessories,18.93,6,5.679,119.259,2019-02-10,12:45:00 PM,Credit card,113.58,4.761904762,5.679,8.1,113.58,0.0,2019,2,10,Sunday
574-22-5561,Giza,Naypyitaw,Member,Female,Fashion Accessories,82.63,10,41.315,867.615,2019-03-19,5:08:00 PM,Ewallet,826.3,4.761904762,41.315,7.9,826.3,0.0,2019,3,19,Tuesday
326-78-5178,Giza,Naypyitaw,Member,Female,Food And Beverages,91.4,7,31.99,671.79,2019-02-03,10:19:00 AM,Cash,639.8,4.761904762,31.99,9.5,639.8000000000001,1.1368683772161603e-13,2019,2,3,Sunday
162-48-8011,Alex,Yangon,Member,Female,Food And Beverages,44.59,5,11.1475,234.0975,2019-02-10,3:10:00 PM,Cash,222.95,4.761904762,11.1475,8.5,222.95000000000002,2.842170943040401e-14,2019,2,10,Sunday
616-24-2851,Cairo,Mandalay,Member,Female,Fashion Accessories,17.87,4,3.574,75.054,2019-03-22,2:42:00 PM,Ewallet,71.48,4.761904762,3.574,6.5,71.48,0.0,2019,3,22,Friday
778-71-5554,Giza,Naypyitaw,Member,Female,Fashion Accessories,15.43,1,0.7715,16.2015,2019-01-25,3:46:00 PM,Credit card,15.43,4.761904762,0.7715,6.1,15.43,0.0,2019,1,25,Friday
242-55-6721,Cairo,Mandalay,Member,Female,Home And Lifestyle,16.16,2,1.616,33.936,2019-03-07,11:49:00 AM,Ewallet,32.32,4.761904762,1.616,6.5,32.32,0.0,2019,3,7,Thursday
399-46-5918,Giza,Naypyitaw,Member,Female,Electronic Accessories,85.98,8,34.392,722.232,2019-02-28,7:01:00 PM,Cash,687.84,4.761904762,34.392,8.2,687.84,0.0,2019,2,28,Thursday
106-35-6779,Alex,Yangon,Member,Female,Home And Lifestyle,44.34,2,4.434,93.114,2019-03-27,11:26:00 AM,Cash,88.68,4.761904762,4.434,5.8,88.68,0.0,2019,3,27,Wednesday
635-40-6220,Alex,Yangon,Member,Female,Health And Beauty,89.6,8,35.84,752.64,2019-02-07,11:28:00 AM,Ewallet,716.8,4.761904762,35.84,6.6,716.8,0.0,2019,2,7,Thursday
817-48-8732,Alex,Yangon,Member,Female,Home And Lifestyle,72.35,10,36.175,759.675,2019-01-20,3:55:00 PM,Cash,723.5,4.761904762,36.175,5.4,723.5,0.0,2019,1,20,Sunday
120-06-4233,Giza,Naypyitaw,Member,Female,Electronic Accessories,30.61,6,9.183,192.843,2019-03-12,8:36:00 PM,Cash,183.66,4.761904762,9.183,9.3,183.66,0.0,2019,3,12,Tuesday
285-68-5083,Giza,Naypyitaw,Member,Female,Sports And Travel,24.74,3,3.711,77.931,2019-02-15,5:47:00 PM,Credit card,74.22,4.761904762,3.711,10.0,74.22,0.0,2019,2,15,Friday
803-83-5989,Giza,Naypyitaw,Member,Female,Home And Lifestyle,55.73,6,16.719,351.099,2019-02-24,10:55:00 AM,Ewallet,334.38,4.761904762,16.719,7.0,334.38,0.0,2019,2,24,Sunday
347-34-2234,Cairo,Mandalay,Member,Female,Sports And Travel,55.07,9,24.7815,520.4115,2019-02-03,1:40:00 PM,Ewallet,495.63,4.761904762,24.7815,10.0,495.63,0.0,2019,2,3,Sunday
199-75-8169,Alex,Yangon,Member,Female,Sports And Travel,15.81,10,7.905,166.005,2019-03-06,12:27:00 PM,Credit card,158.1,4.761904762,7.905,8.6,158.1,0.0,2019,3,6,Wednesday
853-23-2453,Cairo,Mandalay,Member,Female,Health And Beauty,75.74,4,15.148,318.108,2019-02-14,2:35:00 PM,Cash,302.96,4.761904762,15.148,7.6,302.96,0.0,2019,2,14,Thursday
877-22-3308,Alex,Yangon,Member,Female,Health And Beauty,15.87,10,7.935,166.635,2019-03-13,4:40:00 PM,Cash,158.7,4.761904762,7.935,5.8,158.7,0.0,2019,3,13,Wednesday
838-78-4295,Giza,Naypyitaw,Member,Female,Health And Beauty,33.47,2,3.347,70.287,2019-02-10,3:43:00 PM,Ewallet,66.94,4.761904762,3.347,6.7,66.94,0.0,2019,2,10,Sunday
109-28-2512,Cairo,Mandalay,Member,Female,Fashion Accessories,97.61,6,29.283,614.943,2019-01-07,3:01:00 PM,Ewallet,585.66,4.761904762,29.283,9.9,585.66,0.0,2019,1,7,Monday
232-11-3025,Alex,Yangon,Member,Female,Sports And Travel,78.77,10,39.385,827.085,2019-01-24,10:04:00 AM,Cash,787.7,4.761904762,39.385,6.4,787.6999999999999,1.1368683772161603e-13,2019,1,24,Thursday
382-03-4532,Alex,Yangon,Member,Female,Health And Beauty,18.33,1,0.9165,19.2465,2019-02-02,6:50:00 PM,Cash,18.33,4.761904762,0.9165,4.3,18.33,0.0,2019,2,2,Saturday
393-65-2792,Giza,Naypyitaw,Member,Female,Food And Beverages,89.48,10,44.74,939.54,2019-01-06,12:46:00 PM,Credit card,894.8,4.761904762,44.74,9.6,894.8000000000001,1.1368683772161603e-13,2019,1,6,Sunday
796-12-2025,Giza,Naypyitaw,Member,Female,Fashion Accessories,62.12,10,31.06,652.26,2019-02-11,4:19:00 PM,Cash,621.2,4.761904762,31.06,5.9,621.1999999999999,1.1368683772161603e-13,2019,2,11,Monday
510-95-6347,Cairo,Mandalay,Member,Female,Food And Beverages,48.52,3,7.278,152.838,2019-03-05,6:17:00 PM,Ewallet,145.56,4.761904762,7.278,4.0,145.56,0.0,2019,3,5,Tuesday
841-35-6630,Giza,Naypyitaw,Member,Female,Electronic Accessories,75.91,6,22.773,478.233,2019-03-09,6:21:00 PM,Cash,455.46,4.761904762,22.773,8.7,455.46,0.0,2019,3,9,Saturday
287-21-9091,Alex,Yangon,Member,Female,Home And Lifestyle,74.67,9,33.6015,705.6315,2019-01-22,10:55:00 AM,Ewallet,672.03,4.761904762,33.6015,9.4,672.03,0.0,2019,1,22,Tuesday
732-94-0499,Giza,Naypyitaw,Member,Female,Electronic Accessories,41.65,10,20.825,437.325,2019-01-13,5:04:00 PM,Credit card,416.5,4.761904762,20.825,5.4,416.5,0.0,2019,1,13,Sunday
263-10-3913,Giza,Naypyitaw,Member,Female,Fashion Accessories,49.04,9,22.068,463.428,2019-01-09,2:20:00 PM,Credit card,441.36,4.761904762,22.068,8.6,441.36,0.0,2019,1,9,Wednesday
381-20-0914,Alex,Yangon,Member,Female,Fashion Accessories,20.01,9,9.0045,189.0945,2019-01-12,3:48:00 PM,Credit card,180.09,4.761904762,9.0045,5.7,180.09,0.0,2019,1,12,Saturday
829-49-1914,Giza,Naypyitaw,Member,Female,Food And Beverages,78.31,10,39.155,822.255,2019-03-05,4:24:00 PM,Ewallet,783.1,4.761904762,39.155,6.6,783.1,0.0,2019,3,5,Tuesday
756-01-7507,Giza,Naypyitaw,Member,Female,Health And Beauty,20.38,5,5.095,106.995,2019-01-22,6:56:00 PM,Cash,101.9,4.761904762,5.095,6.0,101.89999999999999,1.4210854715202004e-14,2019,1,22,Tuesday
870-72-4431,Giza,Naypyitaw,Member,Female,Health And Beauty,99.19,6,29.757,624.897,2019-01-21,2:42:00 PM,Credit card,595.14,4.761904762,29.757,5.5,595.14,0.0,2019,1,21,Monday
847-38-7188,Cairo,Mandalay,Member,Female,Food And Beverages,96.68,3,14.502,304.542,2019-01-26,7:56:00 PM,Ewallet,290.04,4.761904762,14.502,6.4,290.04,0.0,2019,1,26,Saturday
480-63-2856,Giza,Naypyitaw,Member,Female,Food And Beverages,19.25,8,7.7,161.7,2019-01-23,6:37:00 PM,Ewallet,154.0,4.761904762,7.7,6.6,154.0,0.0,2019,1,23,Wednesday
787-56-0757,Giza,Naypyitaw,Member,Female,Food And Beverages,80.36,4,16.072,337.512,2019-02-23,6:45:00 PM,Credit card,321.44,4.761904762,16.072,8.3,321.44,0.0,2019,2,23,Saturday
360-39-5055,Giza,Naypyitaw,Member,Female,Sports And Travel,48.91,5,12.2275,256.7775,2019-03-09,10:17:00 AM,Cash,244.55,4.761904762,12.2275,6.6,244.54999999999998,2.842170943040401e-14,2019,3,9,Saturday
730-50-9884,Giza,Naypyitaw,Member,Female,Sports And Travel,83.06,7,29.071,610.491,2019-03-05,2:31:00 PM,Ewallet,581.42,4.761904762,29.071,4.0,581.4200000000001,1.1368683772161603e-13,2019,3,5,Tuesday
362-58-8315,Giza,Naypyitaw,Member,Female,Fashion Accessories,76.52,5,19.13,401.73,2019-03-25,10:23:00 AM,Cash,382.6,4.761904762,19.13,9.9,382.59999999999997,5.684341886080802e-14,2019,3,25,Monday
633-44-8566,Alex,Yangon,Member,Female,Food And Beverages,49.38,7,17.283,362.943,2019-03-27,8:35:00 PM,Credit card,345.66,4.761904762,17.283,7.3,345.66,0.0,2019,3,27,Wednesday
504-35-8843,Alex,Yangon,Member,Female,Sports And Travel,42.47,1,2.1235,44.5935,2019-01-02,4:57:00 PM,Cash,42.47,4.761904762,2.1235,5.7,42.47,0.0,2019,1,2,Wednesday
318-68-5053,Cairo,Mandalay,Member,Female,Health And Beauty,76.99,6,23.097,485.037,2019-02-27,5:55:00 PM,Cash,461.94,4.761904762,23.097,6.1,461.93999999999994,5.684341886080802e-14,2019,2,27,Wednesday
565-80-5980,Giza,Naypyitaw,Member,Female,Home And Lifestyle,47.38,4,9.476,198.996,2019-01-23,10:25:00 AM,Cash,189.52,4.761904762,9.476,7.1,189.52,0.0,2019,1,23,Wednesday
225-32-0908,Giza,Naypyitaw,Member,Female,Sports And Travel,44.86,10,22.43,471.03,2019-01-26,7:54:00 PM,Ewallet,448.6,4.761904762,22.43,8.2,448.6,0.0,2019,1,26,Saturday
873-51-0671,Alex,Yangon,Member,Female,Sports And Travel,21.98,7,7.693,161.553,2019-01-10,4:42:00 PM,Ewallet,153.86,4.761904762,7.693,5.1,153.86,0.0,2019,1,10,Thursday
152-08-9985,Cairo,Mandalay,Member,Female,Health And Beauty,64.36,9,28.962,608.202,2019-03-12,12:09:00 PM,Credit card,579.24,4.761904762,28.962,8.6,579.24,0.0,2019,3,12,Tuesday
512-91-0811,Giza,Naypyitaw,Member,Female,Health And Beauty,89.75,1,4.4875,94.2375,2019-02-06,8:05:00 PM,Credit card,89.75,4.761904762,4.4875,6.6,89.75,0.0,2019,2,6,Wednesday
594-34-4444,Alex,Yangon,Member,Female,Electronic Accessories,97.16,1,4.858,102.018,2019-03-08,8:38:00 PM,Ewallet,97.16,4.761904762,4.858,7.2,97.16,0.0,2019,3,8,Friday
766-85-7061,Cairo,Mandalay,Member,Female,Health And Beauty,87.87,10,43.935,922.635,2019-03-29,10:25:00 AM,Ewallet,878.7,4.761904762,43.935,5.1,878.7,0.0,2019,3,29,Friday
871-39-9221,Giza,Naypyitaw,Member,Female,Electronic Accessories,12.45,6,3.735,78.435,2019-02-09,1:11:00 PM,Cash,74.7,4.761904762,3.735,4.1,74.69999999999999,1.4210854715202004e-14,2019,2,9,Saturday
865-92-6136,Alex,Yangon,Member,Female,Food And Beverages,52.75,3,7.9125,166.1625,2019-03-23,10:16:00 AM,Ewallet,158.25,4.761904762,7.9125,9.3,158.25,0.0,2019,3,23,Saturday
733-01-9107,Cairo,Mandalay,Member,Female,Home And Lifestyle,82.7,6,24.81,521.01,2019-03-05,6:14:00 PM,Cash,496.2,4.761904762,24.81,7.4,496.20000000000005,5.684341886080802e-14,2019,3,5,Tuesday
163-56-7055,Giza,Naypyitaw,Member,Female,Fashion Accessories,48.71,1,2.4355,51.1455,2019-03-26,7:20:00 PM,Cash,48.71,4.761904762,2.4355,4.1,48.71,0.0,2019,3,26,Tuesday
189-98-2939,Giza,Naypyitaw,Member,Female,Fashion Accessories,78.55,9,35.3475,742.2975,2019-03-01,1:22:00 PM,Cash,706.95,4.761904762,35.3475,7.2,706.9499999999999,1.1368683772161603e-13,2019,3,1,Friday
551-21-3069,Giza,Naypyitaw,Member,Female,Electronic Accessories,23.07,9,10.3815,218.0115,2019-02-01,11:27:00 AM,Cash,207.63,4.761904762,10.3815,4.9,207.63,0.0,2019,2,1,Friday
212-62-1842,Alex,Yangon,Member,Female,Food And Beverages,58.26,6,17.478,367.038,2019-03-28,4:44:00 PM,Cash,349.56,4.761904762,17.478,9.9,349.56,0.0,2019,3,28,Thursday
716-39-1409,Cairo,Mandalay,Member,Female,Health And Beauty,30.35,7,10.6225,223.0725,2019-03-19,6:19:00 PM,Cash,212.45,4.761904762,10.6225,8.0,212.45000000000002,2.842170943040401e-14,2019,3,19,Tuesday
704-48-3927,Alex,Yangon,Member,Female,Electronic Accessories,88.67,10,44.335,931.035,2019-01-12,2:50:00 PM,Ewallet,886.7,4.761904762,44.335,7.3,886.7,0.0,2019,1,12,Saturday
628-34-3388,Giza,Naypyitaw,Member,Female,Fashion Accessories,27.38,6,8.214,172.494,2019-01-05,8:54:00 PM,Credit card,164.28,4.761904762,8.214,7.9,164.28,0.0,2019,1,5,Saturday
630-74-5166,Alex,Yangon,Member,Female,Sports And Travel,62.13,6,18.639,391.419,2019-03-22,8:19:00 PM,Cash,372.78,4.761904762,18.639,7.4,372.78000000000003,5.684341886080802e-14,2019,3,22,Friday
588-01-7461,Giza,Naypyitaw,Member,Female,Food And Beverages,33.98,9,15.291,321.111,2019-03-24,10:43:00 AM,Cash,305.82,4.761904762,15.291,4.2,305.82,0.0,2019,3,24,Sunday
861-77-0145,Giza,Naypyitaw,Member,Female,Electronic Accessories,81.97,10,40.985,860.685,2019-03-03,2:30:00 PM,Cash,819.7,4.761904762,40.985,9.2,819.7,0.0,2019,3,3,Sunday
479-26-8945,Cairo,Mandalay,Member,Female,Sports And Travel,16.49,2,1.649,34.629,2019-02-05,11:32:00 AM,Ewallet,32.98,4.761904762,1.649,4.6,32.98,0.0,2019,2,5,Tuesday
210-67-5886,Giza,Naypyitaw,Member,Female,Health And Beauty,98.21,3,14.7315,309.3615,2019-02-05,10:41:00 AM,Credit card,294.63,4.761904762,14.7315,7.8,294.63,0.0,2019,2,5,Tuesday
227-78-1148,Cairo,Mandalay,Member,Female,Fashion Accessories,72.84,7,25.494,535.374,2019-02-15,12:44:00 PM,Cash,509.88,4.761904762,25.494,8.4,509.88,0.0,2019,2,15,Friday
645-44-1170,Alex,Yangon,Member,Female,Home And Lifestyle,58.07,9,26.1315,548.7615,2019-01-19,8:07:00 PM,Ewallet,522.63,4.761904762,26.1315,4.3,522.63,0.0,2019,1,19,Saturday
237-01-6122,Giza,Naypyitaw,Member,Female,Home And Lifestyle,80.79,9,36.3555,763.4655,2019-02-01,8:31:00 PM,Credit card,727.11,4.761904762,36.3555,9.5,727.11,0.0,2019,2,1,Friday
225-98-1496,Giza,Naypyitaw,Member,Female,Fashion Accessories,27.02,3,4.053,85.113,2019-03-02,1:01:00 PM,Credit card,81.06,4.761904762,4.053,7.1,81.06,0.0,2019,3,2,Saturday
291-32-1427,Cairo,Mandalay,Member,Female,Fashion Accessories,21.94,5,5.485,115.185,2019-03-05,12:29:00 PM,Ewallet,109.7,4.761904762,5.485,5.3,109.7,0.0,2019,3,5,Tuesday
659-65-8956,Cairo,Mandalay,Member,Female,Fashion Accessories,51.36,1,2.568,53.928,2019-01-16,3:26:00 PM,Ewallet,51.36,4.761904762,2.568,5.2,51.36,0.0,2019,1,16,Wednesday
642-32-2990,Alex,Yangon,Member,Female,Food And Beverages,10.96,10,5.48,115.08,2019-02-02,8:48:00 PM,Ewallet,109.6,4.761904762,5.48,6.0,109.60000000000001,1.4210854715202004e-14,2019,2,2,Saturday
378-24-2715,Cairo,Mandalay,Member,Female,Home And Lifestyle,53.44,2,5.344,112.224,2019-01-20,8:38:00 PM,Ewallet,106.88,4.761904762,5.344,4.1,106.88,0.0,2019,1,20,Sunday
638-60-7125,Alex,Yangon,Member,Female,Electronic Accessories,99.56,8,39.824,836.304,2019-02-14,5:03:00 PM,Credit card,796.48,4.761904762,39.824,5.2,796.48,0.0,2019,2,14,Thursday
659-36-1684,Giza,Naypyitaw,Member,Female,Sports And Travel,57.12,7,19.992,419.832,2019-01-12,12:02:00 PM,Credit card,399.84,4.761904762,19.992,6.5,399.84,0.0,2019,1,12,Saturday
219-22-9386,Cairo,Mandalay,Member,Female,Sports And Travel,99.96,9,44.982,944.622,2019-03-09,5:26:00 PM,Credit card,899.64,4.761904762,44.982,4.2,899.64,0.0,2019,3,9,Saturday
336-78-2147,Giza,Naypyitaw,Member,Female,Home And Lifestyle,63.91,8,25.564,536.844,2019-03-13,7:52:00 PM,Credit card,511.28,4.761904762,25.564,4.6,511.28,0.0,2019,3,13,Wednesday
268-27-6179,Cairo,Mandalay,Member,Female,Fashion Accessories,56.47,8,22.588,474.348,2019-03-09,2:57:00 PM,Ewallet,451.76,4.761904762,22.588,7.3,451.76,0.0,2019,3,9,Saturday
668-90-8900,Alex,Yangon,Member,Female,Home And Lifestyle,93.69,7,32.7915,688.6215,2019-03-10,6:44:00 PM,Credit card,655.83,4.761904762,32.7915,4.5,655.8299999999999,1.1368683772161603e-13,2019,3,10,Sunday
870-54-3162,Alex,Yangon,Member,Female,Sports And Travel,32.25,5,8.0625,169.3125,2019-01-27,1:26:00 PM,Cash,161.25,4.761904762,8.0625,9.0,161.25,0.0,2019,1,27,Sunday
189-08-9157,Giza,Naypyitaw,Member,Female,Fashion Accessories,31.73,9,14.2785,299.8485,2019-01-08,4:17:00 PM,Credit card,285.57,4.761904762,14.2785,5.9,285.57,0.0,2019,1,8,Tuesday
663-86-9076,Giza,Naypyitaw,Member,Female,Food And Beverages,68.54,8,27.416,575.736,2019-01-08,3:57:00 PM,Ewallet,548.32,4.761904762,27.416,8.5,548.32,0.0,2019,1,8,Tuesday
549-84-7482,Cairo,Mandalay,Member,Female,Sports And Travel,90.28,9,40.626,853.146,2019-02-08,11:15:00 AM,Ewallet,812.52,4.761904762,40.626,7.2,812.52,0.0,2019,2,8,Friday
191-10-6171,Cairo,Mandalay,Normal,Female,Fashion Accessories,39.62,7,13.867,291.207,2019-01-25,1:18:00 PM,Cash,277.34,4.761904762,13.867,7.5,277.34,0.0,2019,1,25,Friday
802-70-5316,Alex,Yangon,Member,Female,Sports And Travel,92.13,6,27.639,580.419,2019-03-06,8:34:00 PM,Cash,552.78,4.761904762,27.639,8.3,552.78,0.0,2019,3,6,Wednesday
695-51-0018,Cairo,Mandalay,Normal,Female,Sports And Travel,34.84,4,6.968,146.328,2019-02-10,6:36:00 PM,Cash,139.36,4.761904762,6.968,7.4,139.36,0.0,2019,2,10,Sunday
590-83-4591,Cairo,Mandalay,Member,Female,Electronic Accessories,87.45,6,26.235,550.935,2019-02-17,2:40:00 PM,Credit card,524.7,4.761904762,26.235,8.8,524.7,0.0,2019,2,17,Sunday
483-71-1164,Giza,Naypyitaw,Normal,Female,Health And Beauty,81.3,6,24.39,512.19,2019-03-08,4:43:00 PM,Ewallet,487.8,4.761904762,24.39,5.3,487.79999999999995,5.684341886080802e-14,2019,3,8,Friday
597-78-7908,Giza,Naypyitaw,Normal,Female,Fashion Accessories,90.22,3,13.533,284.193,2019-02-18,7:39:00 PM,Cash,270.66,4.761904762,13.533,6.2,270.65999999999997,5.684341886080802e-14,2019,2,18,Monday
700-81-1757,Alex,Yangon,Normal,Female,Electronic Accessories,26.31,5,6.5775,138.1275,2019-01-18,8:59:00 PM,Credit card,131.55,4.761904762,6.5775,8.8,131.54999999999998,2.842170943040401e-14,2019,1,18,Friday
354-39-5160,Alex,Yangon,Member,Female,Home And Lifestyle,34.42,6,10.326,216.846,2019-02-18,3:39:00 PM,Cash,206.52,4.761904762,10.326,9.8,206.52,0.0,2019,2,18,Monday
241-72-9525,Cairo,Mandalay,Normal,Female,Sports And Travel,51.91,10,25.955,545.055,2019-02-16,12:21:00 PM,Cash,519.1,4.761904762,25.955,8.2,519.0999999999999,1.1368683772161603e-13,2019,2,16,Saturday
575-30-8091,Alex,Yangon,Normal,Female,Sports And Travel,72.5,8,29.0,609.0,2019-03-16,7:25:00 PM,Ewallet,580.0,4.761904762,29.0,9.2,580.0,0.0,2019,3,16,Saturday
731-81-9469,Giza,Naypyitaw,Member,Female,Sports And Travel,89.8,10,44.9,942.9,2019-01-23,1:00:00 PM,Credit card,898.0,4.761904762,44.9,5.4,898.0,0.0,2019,1,23,Wednesday
280-17-4359,Giza,Naypyitaw,Member,Male,Health And Beauty,90.5,10,45.25,950.25,2019-01-25,1:48:00 PM,Cash,905.0,4.761904762,45.25,8.1,905.0,0.0,2019,1,25,Friday
338-65-2210,Giza,Naypyitaw,Member,Female,Health And Beauty,68.6,10,34.3,720.3,2019-02-05,7:57:00 PM,Cash,686.0,4.761904762,34.3,9.1,686.0,0.0,2019,2,5,Tuesday
488-25-4221,Giza,Naypyitaw,Member,Female,Food And Beverages,30.41,1,1.5205,31.9305,2019-02-22,10:36:00 AM,Credit card,30.41,4.761904762,1.5205,8.4,30.41,0.0,2019,2,22,Friday
239-10-7476,Alex,Yangon,Normal,Female,Home And Lifestyle,77.95,6,23.385,491.085,2019-01-21,4:37:00 PM,Ewallet,467.7,4.761904762,23.385,8.0,467.70000000000005,5.684341886080802e-14,2019,1,21,Monday
458-41-1477,Giza,Naypyitaw,Normal,Female,Health And Beauty,46.26,6,13.878,291.438,2019-03-08,5:11:00 PM,Credit card,277.56,4.761904762,13.878,9.5,277.56,0.0,2019,3,8,Friday
685-64-1609,Alex,Yangon,Member,Female,Fashion Accessories,30.14,10,15.07,316.47,2019-02-10,12:28:00 PM,Ewallet,301.4,4.761904762,15.07,9.2,301.4,0.0,2019,2,10,Sunday
568-90-5112,Giza,Naypyitaw,Normal,Male,Health And Beauty,66.14,4,13.228,277.788,2019-03-19,12:46:00 PM,Credit card,264.56,4.761904762,13.228,5.6,264.56,0.0,2019,3,19,Tuesday
262-47-2794,Cairo,Mandalay,Member,Male,Home And Lifestyle,71.86,8,28.744,603.624,2019-03-06,3:07:00 PM,Credit card,574.88,4.761904762,28.744,6.2,574.88,0.0,2019,3,6,Wednesday
238-49-0436,Alex,Yangon,Normal,Male,Health And Beauty,32.46,8,12.984,272.664,2019-03-27,1:48:00 PM,Credit card,259.68,4.761904762,12.984,4.9,259.68,0.0,2019,3,27,Wednesday
608-96-3517,Cairo,Mandalay,Member,Female,Fashion Accessories,91.54,4,18.308,384.468,2019-03-23,7:20:00 PM,Credit card,366.16,4.761904762,18.308,4.8,366.16,0.0,2019,3,23,Saturday
584-86-7256,Giza,Naypyitaw,Member,Male,Sports And Travel,34.56,7,12.096,254.016,2019-03-11,4:07:00 PM,Credit card,241.92,4.761904762,12.096,7.3,241.92000000000002,2.842170943040401e-14,2019,3,11,Monday
746-94-0204,Alex,Yangon,Normal,Male,Fashion Accessories,83.24,9,37.458,786.618,2019-01-29,11:56:00 AM,Credit card,749.16,4.761904762,37.458,7.4,749.16,0.0,2019,1,29,Tuesday
214-17-6927,Giza,Naypyitaw,Normal,Female,Food And Beverages,16.48,6,4.944,103.824,2019-02-07,6:23:00 PM,Ewallet,98.88,4.761904762,4.944,9.9,98.88,0.0,2019,2,7,Thursday
400-89-4171,Giza,Naypyitaw,Normal,Female,Sports And Travel,80.97,8,32.388,680.148,2019-01-28,1:05:00 PM,Cash,647.76,4.761904762,32.388,9.3,647.76,0.0,2019,1,28,Monday
782-95-9291,Alex,Yangon,Member,Male,Food And Beverages,92.29,5,23.0725,484.5225,2019-02-20,3:55:00 PM,Credit card,461.45,4.761904762,23.0725,9.0,461.45000000000005,5.684341886080802e-14,2019,2,20,Wednesday
279-74-2924,Cairo,Mandalay,Member,Male,Electronic Accessories,72.17,1,3.6085,75.7785,2019-01-04,7:40:00 PM,Cash,72.17,4.761904762,3.6085,6.1,72.17,0.0,2019,1,4,Friday
307-85-2293,Cairo,Mandalay,Normal,Male,Home And Lifestyle,50.28,5,12.57,263.97,2019-03-07,1:58:00 PM,Ewallet,251.4,4.761904762,12.57,9.7,251.4,0.0,2019,3,7,Thursday
743-04-1105,Cairo,Mandalay,Member,Male,Health And Beauty,97.22,9,43.749,918.729,2019-03-30,2:43:00 PM,Ewallet,874.98,4.761904762,43.749,6.0,874.98,0.0,2019,3,30,Saturday
423-57-2993,Cairo,Mandalay,Normal,Male,Sports And Travel,93.39,6,28.017,588.357,2019-03-27,7:18:00 PM,Ewallet,560.34,4.761904762,28.017,10.0,560.34,0.0,2019,3,27,Wednesday
894-41-5205,Giza,Naypyitaw,Normal,Female,Food And Beverages,43.18,8,17.272,362.712,2019-01-19,7:39:00 PM,Credit card,345.44,4.761904762,17.272,8.3,345.44,0.0,2019,1,19,Saturday
275-28-0149,Alex,Yangon,Normal,Male,Sports And Travel,63.69,1,3.1845,66.8745,2019-02-25,4:21:00 PM,Cash,63.69,4.761904762,3.1845,6.0,63.69,0.0,2019,2,25,Monday
101-17-6199,Alex,Yangon,Normal,Male,Food And Beverages,45.79,7,16.0265,336.5565,2019-03-13,7:44:00 PM,Credit card,320.53,4.761904762,16.0265,7.0,320.53,0.0,2019,3,13,Wednesday
423-80-0988,Giza,Naypyitaw,Normal,Male,Sports And Travel,76.4,2,7.64,160.44,2019-01-30,7:42:00 PM,Ewallet,152.8,4.761904762,7.64,6.5,152.8,0.0,2019,1,30,Wednesday
548-46-9322,Cairo,Mandalay,Normal,Male,Food And Beverages,39.9,10,19.95,418.95,2019-02-20,3:24:00 PM,Credit card,399.0,4.761904762,19.95,5.9,399.0,0.0,2019,2,20,Wednesday
505-02-0892,Cairo,Mandalay,Member,Male,Health And Beauty,42.57,8,17.028,357.588,2019-02-25,2:12:00 PM,Ewallet,340.56,4.761904762,17.028,5.6,340.56,0.0,2019,2,25,Monday
234-65-2137,Giza,Naypyitaw,Normal,Male,Home And Lifestyle,95.58,10,47.79,1003.59,2019-01-16,1:32:00 PM,Cash,955.8,4.761904762,47.79,4.8,955.8,0.0,2019,1,16,Wednesday
687-47-8271,Alex,Yangon,Normal,Male,Fashion Accessories,98.98,10,49.49,1039.29,2019-02-08,4:20:00 PM,Credit card,989.8,4.761904762,49.49,8.7,989.8000000000001,1.1368683772161603e-13,2019,2,8,Friday
796-32-9050,Alex,Yangon,Normal,Male,Food And Beverages,51.28,6,15.384,323.064,2019-01-19,4:31:00 PM,Cash,307.68,4.761904762,15.384,6.5,307.68,0.0,2019,1,19,Saturday
105-31-1824,Alex,Yangon,Member,Male,Sports And Travel,69.52,7,24.332,510.972,2019-02-01,3:10:00 PM,Credit card,486.64,4.761904762,24.332,8.5,486.64,0.0,2019,2,1,Friday
249-42-3782,Alex,Yangon,Normal,Male,Health And Beauty,70.01,5,17.5025,367.5525,2019-01-03,11:36:00 AM,Ewallet,350.05,4.761904762,17.5025,5.5,350.05,0.0,2019,1,3,Thursday
316-55-4634,Cairo,Mandalay,Member,Male,Food And Beverages,80.05,5,20.0125,420.2625,2019-01-26,12:45:00 PM,Credit card,400.25,4.761904762,20.0125,9.4,400.25,0.0,2019,1,26,Saturday
733-33-4967,Giza,Naypyitaw,Normal,Male,Electronic Accessories,20.85,8,8.34,175.14,2019-03-03,7:17:00 PM,Cash,166.8,4.761904762,8.34,6.3,166.8,0.0,2019,3,3,Sunday
608-27-6295,Cairo,Mandalay,Member,Male,Electronic Accessories,52.89,6,15.867,333.207,2019-01-19,5:34:00 PM,Credit card,317.34,4.761904762,15.867,9.8,317.34000000000003,5.684341886080802e-14,2019,1,19,Saturday
414-12-7047,Cairo,Mandalay,Normal,Male,Food And Beverages,19.79,8,7.916,166.236,2019-01-18,12:04:00 PM,Ewallet,158.32,4.761904762,7.916,8.7,158.32,0.0,2019,1,18,Friday
827-26-2100,Alex,Yangon,Member,Male,Home And Lifestyle,33.84,9,15.228,319.788,2019-03-21,4:21:00 PM,Ewallet,304.56,4.761904762,15.228,8.8,304.56000000000006,5.684341886080802e-14,2019,3,21,Thursday
175-54-2529,Alex,Yangon,Member,Male,Food And Beverages,22.17,8,8.868,186.228,2019-03-03,5:01:00 PM,Credit card,177.36,4.761904762,8.868,9.6,177.36,0.0,2019,3,3,Sunday
139-52-2867,Giza,Naypyitaw,Normal,Female,Fashion Accessories,22.51,7,7.8785,165.4485,2019-02-13,10:50:00 AM,Credit card,157.57,4.761904762,7.8785,4.8,157.57000000000002,2.842170943040401e-14,2019,2,13,Wednesday
407-63-8975,Alex,Yangon,Normal,Male,Food And Beverages,73.88,6,22.164,465.444,2019-03-23,7:16:00 PM,Ewallet,443.28,4.761904762,22.164,4.4,443.28,0.0,2019,3,23,Saturday
342-65-4817,Giza,Naypyitaw,Member,Male,Health And Beauty,86.8,3,13.02,273.42,2019-01-28,4:47:00 PM,Ewallet,260.4,4.761904762,13.02,9.9,260.4,0.0,2019,1,28,Monday
130-98-8941,Giza,Naypyitaw,Normal,Male,Fashion Accessories,64.26,7,22.491,472.311,2019-02-09,10:00:00 AM,Cash,449.82,4.761904762,22.491,5.7,449.82000000000005,5.684341886080802e-14,2019,2,9,Saturday
434-83-9547,Giza,Naypyitaw,Member,Male,Food And Beverages,38.47,8,15.388,323.148,2019-01-23,11:51:00 AM,Cash,307.76,4.761904762,15.388,7.7,307.76,0.0,2019,1,23,Wednesday
851-28-6367,Alex,Yangon,Member,Male,Sports And Travel,15.5,10,7.75,162.75,2019-03-23,10:55:00 AM,Ewallet,155.0,4.761904762,7.75,8.0,155.0,0.0,2019,3,23,Saturday
824-88-3614,Giza,Naypyitaw,Normal,Male,Health And Beauty,34.31,8,13.724,288.204,2019-01-25,3:00:00 PM,Ewallet,274.48,4.761904762,13.724,5.7,274.48,0.0,2019,1,25,Friday
586-25-0848,Alex,Yangon,Normal,Female,Sports And Travel,12.34,7,4.319,90.699,2019-03-04,11:19:00 AM,Credit card,86.38,4.761904762,4.319,6.7,86.38,0.0,2019,3,4,Monday
895-66-0685,Cairo,Mandalay,Member,Male,Food And Beverages,18.08,3,2.712,56.952,2019-03-05,7:46:00 PM,Ewallet,54.24,4.761904762,2.712,8.0,54.239999999999995,7.105427357601002e-15,2019,3,5,Tuesday
305-14-0245,Cairo,Mandalay,Member,Female,Home And Lifestyle,94.49,8,37.796,793.716,2019-03-03,7:00:00 PM,Ewallet,755.92,4.761904762,37.796,7.5,755.92,0.0,2019,3,3,Sunday
732-04-5373,Cairo,Mandalay,Member,Male,Home And Lifestyle,46.47,4,9.294,195.174,2019-02-08,10:53:00 AM,Cash,185.88,4.761904762,9.294,7.0,185.88,0.0,2019,2,8,Friday
400-60-7251,Alex,Yangon,Normal,Male,Home And Lifestyle,74.07,1,3.7035,77.7735,2019-02-10,12:50:00 PM,Ewallet,74.07,4.761904762,3.7035,9.9,74.07,0.0,2019,2,10,Sunday
593-65-1552,Giza,Naypyitaw,Normal,Female,Home And Lifestyle,69.81,4,13.962,293.202,2019-01-28,8:50:00 PM,Credit card,279.24,4.761904762,13.962,5.9,279.24,0.0,2019,1,28,Monday
284-34-9626,Cairo,Mandalay,Normal,Female,Home And Lifestyle,77.04,3,11.556,242.676,2019-02-11,10:39:00 AM,Credit card,231.12,4.761904762,11.556,7.2,231.12,0.0,2019,2,11,Monday
437-58-8131,Cairo,Mandalay,Normal,Female,Fashion Accessories,73.52,2,7.352,154.392,2019-01-15,1:41:00 PM,Ewallet,147.04,4.761904762,7.352,4.6,147.04,0.0,2019,1,15,Tuesday
286-43-6208,Giza,Naypyitaw,Normal,Female,Food And Beverages,87.8,9,39.51,829.71,2019-03-16,7:08:00 PM,Cash,790.2,4.761904762,39.51,9.2,790.1999999999999,1.1368683772161603e-13,2019,3,16,Saturday
641-43-2399,Cairo,Mandalay,Normal,Male,Home And Lifestyle,25.55,4,5.11,107.31,2019-01-26,8:23:00 PM,Ewallet,102.2,4.761904762,5.11,5.7,102.2,0.0,2019,1,26,Saturday
831-07-6050,Alex,Yangon,Normal,Male,Electronic Accessories,32.71,5,8.1775,171.7275,2019-03-19,11:30:00 AM,Credit card,163.55,4.761904762,8.1775,9.9,163.55,0.0,2019,3,19,Tuesday
556-86-3144,Giza,Naypyitaw,Member,Female,Fashion Accessories,74.29,1,3.7145,78.0045,2019-01-13,7:30:00 PM,Cash,74.29,4.761904762,3.7145,5.0,74.29,0.0,2019,1,13,Sunday
848-24-9445,Giza,Naypyitaw,Member,Male,Health And Beauty,43.7,2,4.37,91.77,2019-03-26,6:03:00 PM,Cash,87.4,4.761904762,4.37,4.9,87.4,0.0,2019,3,26,Tuesday
856-22-8149,Alex,Yangon,Normal,Female,Home And Lifestyle,25.29,1,1.2645,26.5545,2019-03-23,10:13:00 AM,Ewallet,25.29,4.761904762,1.2645,6.1,25.29,0.0,2019,3,23,Saturday
699-01-4164,Giza,Naypyitaw,Normal,Male,Health And Beauty,41.5,4,8.3,174.3,2019-03-12,7:58:00 PM,Credit card,166.0,4.761904762,8.3,8.2,166.0,0.0,2019,3,12,Tuesday
420-11-4919,Giza,Naypyitaw,Member,Female,Food And Beverages,71.39,5,17.8475,374.7975,2019-02-17,7:57:00 PM,Credit card,356.95,4.761904762,17.8475,5.5,356.95,0.0,2019,2,17,Sunday
606-80-4905,Giza,Naypyitaw,Member,Female,Sports And Travel,19.15,6,5.745,120.645,2019-01-29,10:01:00 AM,Credit card,114.9,4.761904762,5.745,6.8,114.89999999999999,1.4210854715202004e-14,2019,1,29,Tuesday
542-41-0513,Cairo,Mandalay,Member,Female,Electronic Accessories,57.49,4,11.498,241.458,2019-03-15,11:57:00 AM,Cash,229.96,4.761904762,11.498,6.6,229.96,0.0,2019,3,15,Friday
426-39-2418,Giza,Naypyitaw,Normal,Male,Electronic Accessories,61.41,7,21.4935,451.3635,2019-01-14,10:02:00 AM,Cash,429.87,4.761904762,21.4935,9.8,429.87,0.0,2019,1,14,Monday
875-46-5808,Cairo,Mandalay,Member,Male,Health And Beauty,25.9,10,12.95,271.95,2019-02-06,2:51:00 PM,Ewallet,259.0,4.761904762,12.95,8.7,259.0,0.0,2019,2,6,Wednesday
394-43-4238,Cairo,Mandalay,Member,Male,Home And Lifestyle,17.77,5,4.4425,93.2925,2019-02-15,12:42:00 PM,Credit card,88.85,4.761904762,4.4425,5.4,88.85,0.0,2019,2,15,Friday
749-24-1565,Alex,Yangon,Normal,Female,Health And Beauty,23.03,9,10.3635,217.6335,2019-01-03,12:02:00 PM,Ewallet,207.27,4.761904762,10.3635,7.9,207.27,0.0,2019,1,3,Thursday
672-51-8681,Giza,Naypyitaw,Member,Female,Electronic Accessories,66.65,9,29.9925,629.8425,2019-01-04,6:19:00 PM,Credit card,599.85,4.761904762,29.9925,9.7,599.85,0.0,2019,1,4,Friday
263-87-5680,Giza,Naypyitaw,Member,Female,Home And Lifestyle,28.53,10,14.265,299.565,2019-03-18,5:38:00 PM,Ewallet,285.3,4.761904762,14.265,7.8,285.3,0.0,2019,3,18,Monday
573-58-9734,Cairo,Mandalay,Normal,Female,Fashion Accessories,30.37,3,4.5555,95.6655,2019-03-28,1:41:00 PM,Ewallet,91.11,4.761904762,4.5555,5.1,91.11,0.0,2019,3,28,Thursday
817-69-8206,Cairo,Mandalay,Normal,Female,Electronic Accessories,99.73,9,44.8785,942.4485,2019-03-02,7:42:00 PM,Credit card,897.57,4.761904762,44.8785,6.5,897.57,0.0,2019,3,2,Saturday
888-02-0338,Alex,Yangon,Normal,Male,Electronic Accessories,26.23,9,11.8035,247.8735,2019-01-25,8:24:00 PM,Ewallet,236.07,4.761904762,11.8035,5.9,236.07,0.0,2019,1,25,Friday
677-11-0152,Giza,Naypyitaw,Normal,Female,Food And Beverages,93.26,9,41.967,881.307,2019-01-16,6:08:00 PM,Cash,839.34,4.761904762,41.967,8.8,839.34,0.0,2019,1,16,Wednesday
142-63-6033,Cairo,Mandalay,Normal,Male,Home And Lifestyle,92.36,5,23.09,484.89,2019-03-20,7:17:00 PM,Ewallet,461.8,4.761904762,23.09,4.9,461.8,0.0,2019,3,20,Wednesday
656-16-1063,Cairo,Mandalay,Normal,Male,Sports And Travel,46.42,3,6.963,146.223,2019-01-04,1:24:00 PM,Credit card,139.26,4.761904762,6.963,4.4,139.26,0.0,2019,1,4,Friday
891-58-8335,Cairo,Mandalay,Member,Female,Sports And Travel,29.61,7,10.3635,217.6335,2019-03-11,3:53:00 PM,Cash,207.27,4.761904762,10.3635,6.5,207.26999999999998,2.842170943040401e-14,2019,3,11,Monday
802-43-8934,Alex,Yangon,Normal,Male,Home And Lifestyle,18.28,1,0.914,19.194,2019-03-22,3:05:00 PM,Credit card,18.28,4.761904762,0.914,8.3,18.28,0.0,2019,3,22,Friday
560-30-5617,Cairo,Mandalay,Normal,Female,Sports And Travel,24.77,5,6.1925,130.0425,2019-03-24,6:27:00 PM,Cash,123.85,4.761904762,6.1925,8.5,123.85,0.0,2019,3,24,Sunday
319-74-2561,Alex,Yangon,Member,Female,Electronic Accessories,94.64,3,14.196,298.116,2019-02-21,4:55:00 PM,Cash,283.92,4.761904762,14.196,5.5,283.92,0.0,2019,2,21,Thursday
549-03-9315,Cairo,Mandalay,Normal,Male,Fashion Accessories,94.87,8,37.948,796.908,2019-02-12,12:58:00 PM,Ewallet,758.96,4.761904762,37.948,8.7,758.96,0.0,2019,2,12,Tuesday
790-29-1172,Cairo,Mandalay,Normal,Female,Food And Beverages,57.34,3,8.601,180.621,2019-03-10,6:59:00 PM,Credit card,172.02,4.761904762,8.601,7.9,172.02,0.0,2019,3,10,Sunday
239-36-3640,Cairo,Mandalay,Normal,Male,Electronic Accessories,45.35,6,13.605,285.705,2019-01-31,1:44:00 PM,Ewallet,272.1,4.761904762,13.605,6.1,272.1,0.0,2019,1,31,Thursday
468-01-2051,Cairo,Mandalay,Normal,Male,Food And Beverages,62.08,7,21.728,456.288,2019-03-06,1:46:00 PM,Ewallet,434.56,4.761904762,21.728,5.4,434.56,0.0,2019,3,6,Wednesday
389-25-3394,Giza,Naypyitaw,Normal,Male,Electronic Accessories,11.81,5,2.9525,62.0025,2019-02-17,6:06:00 PM,Cash,59.05,4.761904762,2.9525,9.4,59.050000000000004,7.105427357601002e-15,2019,2,17,Sunday
279-62-1445,Giza,Naypyitaw,Member,Female,Fashion Accessories,12.54,1,0.627,13.167,2019-02-21,12:38:00 PM,Cash,12.54,4.761904762,0.627,8.2,12.54,0.0,2019,2,21,Thursday
213-72-6612,Alex,Yangon,Normal,Male,Food And Beverages,43.25,2,4.325,90.825,2019-03-20,3:56:00 PM,Cash,86.5,4.761904762,4.325,6.2,86.5,0.0,2019,3,20,Wednesday
746-68-6593,Giza,Naypyitaw,Member,Female,Sports And Travel,87.16,2,8.716,183.036,2019-01-11,2:29:00 PM,Credit card,174.32,4.761904762,8.716,9.7,174.32,0.0,2019,1,11,Friday
836-82-5858,Cairo,Mandalay,Member,Male,Health And Beauty,69.37,9,31.2165,655.5465,2019-01-26,7:14:00 PM,Ewallet,624.33,4.761904762,31.2165,4.0,624.33,0.0,2019,1,26,Saturday
583-72-1480,Giza,Naypyitaw,Member,Male,Electronic Accessories,37.06,4,7.412,155.652,2019-01-31,4:24:00 PM,Ewallet,148.24,4.761904762,7.412,9.7,148.24,0.0,2019,1,31,Thursday
466-61-5506,Cairo,Mandalay,Member,Female,Electronic Accessories,90.7,6,27.21,571.41,2019-02-26,10:52:00 AM,Cash,544.2,4.761904762,27.21,5.3,544.2,0.0,2019,2,26,Tuesday
721-86-6247,Alex,Yangon,Normal,Female,Home And Lifestyle,63.42,8,25.368,532.728,2019-03-11,12:55:00 PM,Ewallet,507.36,4.761904762,25.368,7.4,507.36,0.0,2019,3,11,Monday
289-65-5721,Cairo,Mandalay,Normal,Female,Fashion Accessories,81.37,2,8.137,170.877,2019-01-26,7:28:00 PM,Cash,162.74,4.761904762,8.137,6.5,162.74,0.0,2019,1,26,Saturday
545-46-3100,Cairo,Mandalay,Member,Female,Electronic Accessories,10.59,3,1.5885,33.3585,2019-03-12,1:52:00 PM,Credit card,31.77,4.761904762,1.5885,8.7,31.77,0.0,2019,3,12,Tuesday
418-02-5978,Cairo,Mandalay,Normal,Female,Health And Beauty,84.09,9,37.8405,794.6505,2019-02-11,10:54:00 AM,Cash,756.81,4.761904762,37.8405,8.0,756.8100000000001,1.1368683772161603e-13,2019,2,11,Monday
269-04-5750,Cairo,Mandalay,Member,Male,Fashion Accessories,73.82,4,14.764,310.044,2019-02-21,6:31:00 PM,Cash,295.28,4.761904762,14.764,6.7,295.28,0.0,2019,2,21,Thursday
157-13-5295,Alex,Yangon,Member,Male,Health And Beauty,51.94,10,25.97,545.37,2019-03-09,6:24:00 PM,Ewallet,519.4,4.761904762,25.97,6.5,519.4,0.0,2019,3,9,Saturday
645-78-8093,Alex,Yangon,Normal,Female,Sports And Travel,93.14,2,9.314,195.594,2019-01-20,6:09:00 PM,Ewallet,186.28,4.761904762,9.314,4.1,186.28,0.0,2019,1,20,Sunday
211-30-9270,Giza,Naypyitaw,Normal,Male,Health And Beauty,17.41,5,4.3525,91.4025,2019-01-28,3:16:00 PM,Credit card,87.05,4.761904762,4.3525,4.9,87.05,0.0,2019,1,28,Monday
755-12-3214,Giza,Naypyitaw,Member,Female,Fashion Accessories,44.22,5,11.055,232.155,2019-03-05,5:07:00 PM,Credit card,221.1,4.761904762,11.055,8.6,221.1,0.0,2019,3,5,Tuesday
346-84-3103,Cairo,Mandalay,Member,Female,Electronic Accessories,13.22,5,3.305,69.405,2019-03-02,7:26:00 PM,Cash,66.1,4.761904762,3.305,4.3,66.10000000000001,1.4210854715202004e-14,2019,3,2,Saturday
478-06-7835,Alex,Yangon,Normal,Male,Fashion Accessories,89.69,1,4.4845,94.1745,2019-01-11,11:20:00 AM,Ewallet,89.69,4.761904762,4.4845,4.9,89.69,0.0,2019,1,11,Friday
540-11-4336,Alex,Yangon,Normal,Male,Food And Beverages,24.94,9,11.223,235.683,2019-01-11,4:49:00 PM,Credit card,224.46,4.761904762,11.223,5.6,224.46,0.0,2019,1,11,Friday
448-81-5016,Alex,Yangon,Normal,Male,Health And Beauty,59.77,2,5.977,125.517,2019-03-11,12:01:00 PM,Credit card,119.54,4.761904762,5.977,5.8,119.54,0.0,2019,3,11,Monday
142-72-4741,Giza,Naypyitaw,Member,Male,Fashion Accessories,93.2,2,9.32,195.72,2019-02-28,6:37:00 PM,Credit card,186.4,4.761904762,9.32,6.0,186.4,0.0,2019,2,28,Thursday
217-58-1179,Alex,Yangon,Member,Male,Home And Lifestyle,62.65,4,12.53,263.13,2019-01-05,11:25:00 AM,Cash,250.6,4.761904762,12.53,4.2,250.6,0.0,2019,1,5,Saturday
376-02-8238,Cairo,Mandalay,Normal,Male,Home And Lifestyle,93.87,8,37.548,788.508,2019-02-02,6:42:00 PM,Credit card,750.96,4.761904762,37.548,8.3,750.96,0.0,2019,2,2,Saturday
530-90-9855,Alex,Yangon,Member,Male,Home And Lifestyle,47.59,8,19.036,399.756,2019-01-01,2:47:00 PM,Cash,380.72,4.761904762,19.036,5.7,380.72,0.0,2019,1,1,Tuesday
866-05-7563,Cairo,Mandalay,Member,Female,Electronic Accessories,81.4,3,12.21,256.41,2019-02-09,7:43:00 PM,Cash,244.2,4.761904762,12.21,4.8,244.20000000000002,2.842170943040401e-14,2019,2,9,Saturday
604-70-6476,Alex,Yangon,Member,Male,Fashion Accessories,17.94,5,4.485,94.185,2019-01-23,2:04:00 PM,Ewallet,89.7,4.761904762,4.485,6.8,89.7,0.0,2019,1,23,Wednesday
799-71-1548,Alex,Yangon,Member,Male,Electronic Accessories,77.72,4,15.544,326.424,2019-01-07,4:11:00 PM,Credit card,310.88,4.761904762,15.544,8.8,310.88,0.0,2019,1,7,Monday
785-13-7708,Cairo,Mandalay,Normal,Male,Food And Beverages,73.06,7,25.571,536.991,2019-01-14,7:06:00 PM,Credit card,511.42,4.761904762,25.571,4.2,511.42,0.0,2019,1,14,Monday
845-51-0542,Cairo,Mandalay,Member,Male,Food And Beverages,46.55,9,20.9475,439.8975,2019-02-02,3:34:00 PM,Ewallet,418.95,4.761904762,20.9475,6.4,418.95,0.0,2019,2,2,Saturday
662-47-5456,Giza,Naypyitaw,Member,Male,Fashion Accessories,35.19,10,17.595,369.495,2019-03-17,7:06:00 PM,Credit card,351.9,4.761904762,17.595,8.4,351.9,0.0,2019,3,17,Sunday
883-17-4236,Giza,Naypyitaw,Normal,Female,Sports And Travel,14.39,2,1.439,30.219,2019-03-02,7:44:00 PM,Credit card,28.78,4.761904762,1.439,7.2,28.78,0.0,2019,3,2,Saturday
290-68-2984,Alex,Yangon,Normal,Male,Home And Lifestyle,23.75,4,4.75,99.75,2019-03-16,11:22:00 AM,Cash,95.0,4.761904762,4.75,5.2,95.0,0.0,2019,3,16,Saturday
704-11-6354,Alex,Yangon,Member,Male,Home And Lifestyle,58.9,8,23.56,494.76,2019-01-06,11:23:00 AM,Cash,471.2,4.761904762,23.56,8.9,471.2,0.0,2019,1,6,Sunday
110-48-7033,Cairo,Mandalay,Member,Male,Fashion Accessories,32.62,4,6.524,137.004,2019-01-29,2:12:00 PM,Cash,130.48,4.761904762,6.524,9.0,130.48,0.0,2019,1,29,Tuesday
366-93-0948,Alex,Yangon,Member,Male,Electronic Accessories,66.35,1,3.3175,69.6675,2019-01-31,10:46:00 AM,Credit card,66.35,4.761904762,3.3175,9.7,66.35,0.0,2019,1,31,Thursday
729-09-9681,Alex,Yangon,Member,Male,Home And Lifestyle,25.91,6,7.773,163.233,2019-02-05,10:16:00 AM,Ewallet,155.46,4.761904762,7.773,8.7,155.46,0.0,2019,2,5,Tuesday
151-16-1484,Alex,Yangon,Member,Male,Electronic Accessories,32.25,4,6.45,135.45,2019-02-13,12:38:00 PM,Ewallet,129.0,4.761904762,6.45,6.5,129.0,0.0,2019,2,13,Wednesday
380-94-4661,Giza,Naypyitaw,Member,Male,Electronic Accessories,65.94,4,13.188,276.948,2019-02-07,1:05:00 PM,Credit card,263.76,4.761904762,13.188,6.9,263.76,0.0,2019,2,7,Thursday
850-41-9669,Alex,Yangon,Normal,Female,Electronic Accessories,75.06,9,33.777,709.317,2019-03-19,1:25:00 PM,Ewallet,675.54,4.761904762,33.777,6.2,675.54,0.0,2019,3,19,Tuesday
821-07-3596,Giza,Naypyitaw,Normal,Female,Fashion Accessories,16.45,4,3.29,69.09,2019-03-07,2:53:00 PM,Ewallet,65.8,4.761904762,3.29,5.6,65.8,0.0,2019,3,7,Thursday
655-85-5130,Cairo,Mandalay,Member,Female,Fashion Accessories,38.3,4,7.66,160.86,2019-03-13,7:22:00 PM,Cash,153.2,4.761904762,7.66,5.7,153.2,0.0,2019,3,13,Wednesday
447-15-7839,Alex,Yangon,Member,Female,Sports And Travel,22.24,10,11.12,233.52,2019-02-09,11:00:00 AM,Cash,222.4,4.761904762,11.12,4.2,222.39999999999998,2.842170943040401e-14,2019,2,9,Saturday
154-74-7179,Cairo,Mandalay,Normal,Male,Sports And Travel,54.45,1,2.7225,57.1725,2019-02-26,7:24:00 PM,Ewallet,54.45,4.761904762,2.7225,7.9,54.45,0.0,2019,2,26,Tuesday
253-12-6086,Alex,Yangon,Member,Female,Sports And Travel,98.4,7,34.44,723.24,2019-03-12,12:43:00 PM,Credit card,688.8,4.761904762,34.44,8.7,688.8000000000001,1.1368683772161603e-13,2019,3,12,Tuesday
808-65-0703,Giza,Naypyitaw,Normal,Male,Home And Lifestyle,35.47,4,7.094,148.974,2019-03-14,5:22:00 PM,Credit card,141.88,4.761904762,7.094,6.9,141.88,0.0,2019,3,14,Thursday
571-94-0759,Cairo,Mandalay,Member,Female,Food And Beverages,74.6,10,37.3,783.3,2019-01-08,8:55:00 PM,Cash,746.0,4.761904762,37.3,9.5,746.0,0.0,2019,1,8,Tuesday
144-51-6085,Alex,Yangon,Member,Male,Home And Lifestyle,70.74,4,14.148,297.108,2019-01-05,4:05:00 PM,Credit card,282.96,4.761904762,14.148,4.4,282.96,0.0,2019,1,5,Saturday
731-14-2199,Alex,Yangon,Member,Female,Home And Lifestyle,35.54,10,17.77,373.17,2019-01-04,1:34:00 PM,Ewallet,355.4,4.761904762,17.77,7.0,355.4,0.0,2019,1,4,Friday
783-09-1637,Cairo,Mandalay,Normal,Female,Sports And Travel,67.43,5,16.8575,354.0075,2019-03-06,6:13:00 PM,Ewallet,337.15,4.761904762,16.8575,6.3,337.15000000000003,5.684341886080802e-14,2019,3,6,Wednesday
687-15-1097,Giza,Naypyitaw,Member,Female,Health And Beauty,21.12,2,2.112,44.352,2019-01-03,7:17:00 PM,Cash,42.24,4.761904762,2.112,9.7,42.24,0.0,2019,1,3,Thursday
126-54-1082,Alex,Yangon,Member,Female,Home And Lifestyle,21.54,9,9.693,203.553,2019-01-07,11:44:00 AM,Credit card,193.86,4.761904762,9.693,8.8,193.85999999999999,2.842170943040401e-14,2019,1,7,Monday
633-91-1052,Alex,Yangon,Normal,Female,Home And Lifestyle,12.03,2,1.203,25.263,2019-01-27,3:51:00 PM,Cash,24.06,4.761904762,1.203,5.1,24.06,0.0,2019,1,27,Sunday
477-24-6490,Cairo,Mandalay,Normal,Female,Health And Beauty,99.71,6,29.913,628.173,2019-02-26,4:52:00 PM,Ewallet,598.26,4.761904762,29.913,7.9,598.26,0.0,2019,2,26,Tuesday
566-19-5475,Cairo,Mandalay,Normal,Male,Fashion Accessories,47.97,7,16.7895,352.5795,2019-01-07,8:52:00 PM,Cash,335.79,4.761904762,16.7895,6.2,335.78999999999996,5.684341886080802e-14,2019,1,7,Monday
526-86-8552,Giza,Naypyitaw,Member,Female,Home And Lifestyle,21.82,10,10.91,229.11,2019-01-07,5:36:00 PM,Cash,218.2,4.761904762,10.91,7.1,218.2,0.0,2019,1,7,Monday
376-56-3573,Giza,Naypyitaw,Normal,Female,Fashion Accessories,95.42,4,19.084,400.764,2019-02-02,1:23:00 PM,Ewallet,381.68,4.761904762,19.084,6.4,381.68,0.0,2019,2,2,Saturday
537-72-0426,Giza,Naypyitaw,Member,Male,Fashion Accessories,70.99,10,35.495,745.395,2019-03-20,4:28:00 PM,Cash,709.9,4.761904762,35.495,5.7,709.9,0.0,2019,3,20,Wednesday
828-61-5674,Alex,Yangon,Member,Male,Sports And Travel,44.02,10,22.01,462.21,2019-03-20,7:57:00 PM,Credit card,440.2,4.761904762,22.01,9.6,440.20000000000005,5.684341886080802e-14,2019,3,20,Wednesday
136-08-6195,Alex,Yangon,Normal,Female,Home And Lifestyle,69.96,8,27.984,587.664,2019-02-15,5:01:00 PM,Credit card,559.68,4.761904762,27.984,6.4,559.68,0.0,2019,2,15,Friday
523-38-0215,Giza,Naypyitaw,Normal,Male,Home And Lifestyle,37.0,1,1.85,38.85,2019-03-06,1:29:00 PM,Credit card,37.0,4.761904762,1.85,7.9,37.0,0.0,2019,3,6,Wednesday
490-29-1201,Alex,Yangon,Normal,Female,Sports And Travel,15.34,1,0.767,16.107,2019-01-06,11:09:00 AM,Cash,15.34,4.761904762,0.767,6.5,15.34,0.0,2019,1,6,Sunday
667-92-0055,Alex,Yangon,Member,Male,Health And Beauty,99.83,6,29.949,628.929,2019-03-04,3:02:00 PM,Ewallet,598.98,4.761904762,29.949,8.5,598.98,0.0,2019,3,4,Monday
565-17-3836,Alex,Yangon,Member,Female,Health And Beauty,47.67,4,9.534,200.214,2019-03-12,2:21:00 PM,Cash,190.68,4.761904762,9.534,9.1,190.68,0.0,2019,3,12,Tuesday
498-41-1961,Cairo,Mandalay,Normal,Male,Health And Beauty,66.68,5,16.67,350.07,2019-02-20,6:01:00 PM,Cash,333.4,4.761904762,16.67,7.6,333.40000000000003,5.684341886080802e-14,2019,2,20,Wednesday
593-95-4461,Giza,Naypyitaw,Member,Male,Home And Lifestyle,74.86,1,3.743,78.603,2019-03-24,2:49:00 PM,Cash,74.86,4.761904762,3.743,6.9,74.86,0.0,2019,3,24,Sunday
226-71-3580,Giza,Naypyitaw,Normal,Female,Sports And Travel,23.75,9,10.6875,224.4375,2019-01-31,12:02:00 PM,Cash,213.75,4.761904762,10.6875,9.5,213.75,0.0,2019,1,31,Thursday
283-79-9594,Cairo,Mandalay,Normal,Female,Food And Beverages,48.51,7,16.9785,356.5485,2019-01-25,1:30:00 PM,Credit card,339.57,4.761904762,16.9785,5.2,339.57,0.0,2019,1,25,Friday
430-60-3493,Alex,Yangon,Member,Female,Home And Lifestyle,94.88,7,33.208,697.368,2019-02-03,2:38:00 PM,Cash,664.16,4.761904762,33.208,4.2,664.16,0.0,2019,2,3,Sunday
139-20-0155,Cairo,Mandalay,Member,Male,Electronic Accessories,40.3,10,20.15,423.15,2019-01-24,5:37:00 PM,Credit card,403.0,4.761904762,20.15,7.0,403.0,0.0,2019,1,24,Thursday
558-80-4082,Giza,Naypyitaw,Normal,Male,Electronic Accessories,27.85,7,9.7475,204.6975,2019-03-14,5:20:00 PM,Ewallet,194.95,4.761904762,9.7475,6.0,194.95000000000002,2.842170943040401e-14,2019,3,14,Thursday
278-97-7759,Alex,Yangon,Member,Female,Electronic Accessories,62.48,1,3.124,65.604,2019-02-18,8:29:00 PM,Cash,62.48,4.761904762,3.124,4.7,62.48,0.0,2019,2,18,Monday
316-68-6352,Alex,Yangon,Member,Female,Food And Beverages,36.36,2,3.636,76.356,2019-01-21,10:00:00 AM,Cash,72.72,4.761904762,3.636,7.1,72.72,0.0,2019,1,21,Monday
585-03-5943,Cairo,Mandalay,Normal,Male,Health And Beauty,18.11,10,9.055,190.155,2019-03-13,11:46:00 AM,Ewallet,181.1,4.761904762,9.055,5.9,181.1,0.0,2019,3,13,Wednesday
211-05-0490,Giza,Naypyitaw,Member,Female,Electronic Accessories,51.92,5,12.98,272.58,2019-03-03,1:42:00 PM,Cash,259.6,4.761904762,12.98,7.5,259.6,0.0,2019,3,3,Sunday
727-75-6477,Giza,Naypyitaw,Normal,Male,Electronic Accessories,28.84,4,5.768,121.128,2019-03-29,2:44:00 PM,Cash,115.36,4.761904762,5.768,6.4,115.36,0.0,2019,3,29,Friday
744-02-5987,Alex,Yangon,Member,Male,Home And Lifestyle,78.38,6,23.514,493.794,2019-01-10,2:16:00 PM,Ewallet,470.28,4.761904762,23.514,5.8,470.28,0.0,2019,1,10,Thursday
307-83-9164,Alex,Yangon,Member,Male,Home And Lifestyle,60.01,4,12.002,252.042,2019-01-25,3:54:00 PM,Cash,240.04,4.761904762,12.002,4.5,240.04,0.0,2019,1,25,Friday
779-06-0012,Giza,Naypyitaw,Member,Female,Home And Lifestyle,88.61,1,4.4305,93.0405,2019-01-19,10:21:00 AM,Cash,88.61,4.761904762,4.4305,7.7,88.61,0.0,2019,1,19,Saturday
446-47-6729,Giza,Naypyitaw,Normal,Male,Fashion Accessories,99.82,2,9.982,209.622,2019-01-02,6:09:00 PM,Credit card,199.64,4.761904762,9.982,6.7,199.64,0.0,2019,1,2,Wednesday
573-10-3877,Cairo,Mandalay,Member,Male,Health And Beauty,39.01,1,1.9505,40.9605,2019-03-12,4:46:00 PM,Credit card,39.01,4.761904762,1.9505,4.7,39.01,0.0,2019,3,12,Tuesday
735-06-4124,Giza,Naypyitaw,Normal,Male,Food And Beverages,48.61,1,2.4305,51.0405,2019-02-25,3:31:00 PM,Cash,48.61,4.761904762,2.4305,4.4,48.61,0.0,2019,2,25,Monday
439-54-7422,Alex,Yangon,Normal,Female,Electronic Accessories,51.19,4,10.238,214.998,2019-03-18,5:15:00 PM,Credit card,204.76,4.761904762,10.238,4.7,204.76,0.0,2019,3,18,Monday
396-90-2219,Cairo,Mandalay,Normal,Female,Electronic Accessories,14.96,8,5.984,125.664,2019-02-23,12:29:00 PM,Cash,119.68,4.761904762,5.984,8.6,119.68,0.0,2019,2,23,Saturday
411-77-0180,Alex,Yangon,Member,Male,Electronic Accessories,72.2,7,25.27,530.67,2019-03-26,8:14:00 PM,Ewallet,505.4,4.761904762,25.27,4.3,505.40000000000003,5.684341886080802e-14,2019,3,26,Tuesday
286-01-5402,Alex,Yangon,Normal,Female,Sports And Travel,40.23,7,14.0805,295.6905,2019-03-30,1:22:00 PM,Cash,281.61,4.761904762,14.0805,9.6,281.60999999999996,5.684341886080802e-14,2019,3,30,Saturday
803-17-8013,Alex,Yangon,Member,Female,Home And Lifestyle,88.79,8,35.516,745.836,2019-02-17,5:09:00 PM,Cash,710.32,4.761904762,35.516,4.1,710.32,0.0,2019,2,17,Sunday
512-98-1403,Alex,Yangon,Member,Female,Electronic Accessories,26.48,3,3.972,83.412,2019-03-21,10:40:00 AM,Ewallet,79.44,4.761904762,3.972,4.7,79.44,0.0,2019,3,21,Thursday
848-42-2560,Alex,Yangon,Normal,Female,Fashion Accessories,81.91,2,8.191,172.011,2019-03-05,5:43:00 PM,Cash,163.82,4.761904762,8.191,7.8,163.82,0.0,2019,3,5,Tuesday
532-59-7201,Cairo,Mandalay,Member,Male,Sports And Travel,79.93,6,23.979,503.559,2019-01-31,2:04:00 PM,Cash,479.58,4.761904762,23.979,5.5,479.58000000000004,5.684341886080802e-14,2019,1,31,Thursday
181-94-6432,Giza,Naypyitaw,Member,Male,Fashion Accessories,69.33,2,6.933,145.593,2019-02-05,7:05:00 PM,Ewallet,138.66,4.761904762,6.933,9.7,138.66,0.0,2019,2,5,Tuesday
870-76-1733,Alex,Yangon,Member,Female,Food And Beverages,14.23,5,3.5575,74.7075,2019-02-01,10:08:00 AM,Credit card,71.15,4.761904762,3.5575,4.4,71.15,0.0,2019,2,1,Friday
423-64-4619,Alex,Yangon,Member,Female,Health And Beauty,15.55,9,6.9975,146.9475,2019-03-07,1:12:00 PM,Cash,139.95,4.761904762,6.9975,5.0,139.95000000000002,2.842170943040401e-14,2019,3,7,Thursday
227-07-4446,Giza,Naypyitaw,Member,Female,Electronic Accessories,78.13,10,39.065,820.365,2019-02-10,8:51:00 PM,Cash,781.3,4.761904762,39.065,4.4,781.3,0.0,2019,2,10,Sunday
174-36-3675,Giza,Naypyitaw,Member,Male,Food And Beverages,99.37,2,9.937,208.677,2019-02-14,5:29:00 PM,Cash,198.74,4.761904762,9.937,5.2,198.74,0.0,2019,2,14,Thursday
428-83-5800,Giza,Naypyitaw,Member,Female,Food And Beverages,21.08,3,3.162,66.402,2019-02-09,10:25:00 AM,Cash,63.24,4.761904762,3.162,7.3,63.239999999999995,7.105427357601002e-15,2019,2,9,Saturday
603-07-0961,Giza,Naypyitaw,Member,Male,Electronic Accessories,74.79,5,18.6975,392.6475,2019-01-10,11:34:00 AM,Cash,373.95,4.761904762,18.6975,4.9,373.95000000000005,5.684341886080802e-14,2019,1,10,Thursday
704-20-4138,Giza,Naypyitaw,Member,Female,Health And Beauty,29.67,7,10.3845,218.0745,2019-03-11,6:58:00 PM,Credit card,207.69,4.761904762,10.3845,8.1,207.69,0.0,2019,3,11,Monday
787-15-1757,Giza,Naypyitaw,Member,Male,Health And Beauty,44.07,4,8.814,185.094,2019-02-18,4:28:00 PM,Ewallet,176.28,4.761904762,8.814,8.4,176.28,0.0,2019,2,18,Monday
649-11-3678,Giza,Naypyitaw,Normal,Female,Food And Beverages,22.93,9,10.3185,216.6885,2019-02-26,8:26:00 PM,Cash,206.37,4.761904762,10.3185,5.5,206.37,0.0,2019,2,26,Tuesday
622-20-1945,Giza,Naypyitaw,Normal,Female,Health And Beauty,39.42,1,1.971,41.391,2019-01-18,3:08:00 PM,Cash,39.42,4.761904762,1.971,8.4,39.42,0.0,2019,1,18,Friday
372-94-8041,Alex,Yangon,Normal,Male,Health And Beauty,15.26,6,4.578,96.138,2019-02-15,6:03:00 PM,Ewallet,91.56,4.761904762,4.578,9.8,91.56,0.0,2019,2,15,Friday
563-91-7120,Alex,Yangon,Normal,Female,Fashion Accessories,61.77,5,15.4425,324.2925,2019-03-08,1:21:00 PM,Cash,308.85,4.761904762,15.4425,6.7,308.85,0.0,2019,3,8,Friday
746-54-5508,Alex,Yangon,Normal,Male,Home And Lifestyle,21.52,6,6.456,135.576,2019-01-17,12:48:00 PM,Credit card,129.12,4.761904762,6.456,9.4,129.12,0.0,2019,1,17,Thursday
276-54-0879,Cairo,Mandalay,Normal,Male,Sports And Travel,97.74,4,19.548,410.508,2019-03-12,7:53:00 PM,Ewallet,390.96,4.761904762,19.548,6.4,390.96,0.0,2019,3,12,Tuesday
815-11-1168,Alex,Yangon,Member,Male,Food And Beverages,99.78,5,24.945,523.845,2019-03-09,7:09:00 PM,Cash,498.9,4.761904762,24.945,5.4,498.9,0.0,2019,3,9,Saturday
719-76-3868,Giza,Naypyitaw,Member,Male,Food And Beverages,94.26,4,18.852,395.892,2019-03-12,4:30:00 PM,Cash,377.04,4.761904762,18.852,8.6,377.04,0.0,2019,3,12,Tuesday
730-61-8757,Cairo,Mandalay,Member,Male,Health And Beauty,51.13,4,10.226,214.746,2019-01-25,10:11:00 AM,Credit card,204.52,4.761904762,10.226,4.0,204.52,0.0,2019,1,25,Friday
340-66-0321,Alex,Yangon,Member,Male,Electronic Accessories,36.36,4,7.272,152.712,2019-03-25,1:07:00 PM,Cash,145.44,4.761904762,7.272,7.6,145.44,0.0,2019,3,25,Monday
868-81-1752,Cairo,Mandalay,Normal,Male,Home And Lifestyle,22.02,9,9.909,208.089,2019-02-07,6:48:00 PM,Cash,198.18,4.761904762,9.909,6.8,198.18,0.0,2019,2,7,Thursday
634-97-8956,Alex,Yangon,Normal,Male,Food And Beverages,32.9,3,4.935,103.635,2019-02-17,5:27:00 PM,Credit card,98.7,4.761904762,4.935,9.1,98.69999999999999,1.4210854715202004e-14,2019,2,17,Sunday
566-71-1091,Alex,Yangon,Normal,Male,Fashion Accessories,77.02,5,19.255,404.355,2019-02-03,3:59:00 PM,Cash,385.1,4.761904762,19.255,5.5,385.09999999999997,5.684341886080802e-14,2019,2,3,Sunday
442-48-3607,Alex,Yangon,Member,Male,Food And Beverages,23.48,2,2.348,49.308,2019-03-14,11:21:00 AM,Credit card,46.96,4.761904762,2.348,7.9,46.96,0.0,2019,3,14,Thursday
835-16-0096,Giza,Naypyitaw,Member,Male,Sports And Travel,14.7,5,3.675,77.175,2019-03-24,1:48:00 PM,Ewallet,73.5,4.761904762,3.675,8.5,73.5,0.0,2019,3,24,Sunday
527-09-6272,Alex,Yangon,Member,Female,Electronic Accessories,28.45,5,7.1125,149.3625,2019-03-21,10:17:00 AM,Credit card,142.25,4.761904762,7.1125,9.1,142.25,0.0,2019,3,21,Thursday
898-04-2717,Alex,Yangon,Normal,Male,Fashion Accessories,76.4,9,34.38,721.98,2019-03-19,3:49:00 PM,Ewallet,687.6,4.761904762,34.38,7.5,687.6,0.0,2019,3,19,Tuesday
692-27-8933,Cairo,Mandalay,Normal,Female,Sports And Travel,57.95,6,17.385,365.085,2019-02-24,1:02:00 PM,Cash,347.7,4.761904762,17.385,5.2,347.70000000000005,5.684341886080802e-14,2019,2,24,Sunday
633-09-3463,Giza,Naypyitaw,Normal,Female,Electronic Accessories,47.65,3,7.1475,150.0975,2019-03-28,12:58:00 PM,Credit card,142.95,4.761904762,7.1475,9.5,142.95,0.0,2019,3,28,Thursday
374-17-3652,Cairo,Mandalay,Member,Female,Food And Beverages,42.82,9,19.269,404.649,2019-02-05,3:26:00 PM,Credit card,385.38,4.761904762,19.269,8.9,385.38,0.0,2019,2,5,Tuesday
378-07-7001,Cairo,Mandalay,Member,Male,Electronic Accessories,48.09,3,7.2135,151.4835,2019-02-10,6:23:00 PM,Credit card,144.27,4.761904762,7.2135,7.8,144.27,0.0,2019,2,10,Sunday
433-75-6987,Cairo,Mandalay,Member,Female,Health And Beauty,55.97,7,19.5895,411.3795,2019-03-05,7:06:00 PM,Ewallet,391.79,4.761904762,19.5895,8.9,391.78999999999996,5.684341886080802e-14,2019,3,5,Tuesday
873-95-4984,Cairo,Mandalay,Member,Female,Health And Beauty,76.9,7,26.915,565.215,2019-02-15,8:21:00 PM,Cash,538.3,4.761904762,26.915,7.7,538.3000000000001,1.1368683772161603e-13,2019,2,15,Friday
416-13-5917,Giza,Naypyitaw,Normal,Female,Food And Beverages,97.03,5,24.2575,509.4075,2019-01-30,4:24:00 PM,Ewallet,485.15,4.761904762,24.2575,9.3,485.15,0.0,2019,1,30,Wednesday
150-89-8043,Alex,Yangon,Normal,Male,Sports And Travel,44.65,3,6.6975,140.6475,2019-02-14,3:04:00 PM,Cash,133.95,4.761904762,6.6975,6.2,133.95,0.0,2019,2,14,Thursday
135-84-8019,Alex,Yangon,Normal,Female,Fashion Accessories,77.93,9,35.0685,736.4385,2019-02-27,4:10:00 PM,Ewallet,701.37,4.761904762,35.0685,7.6,701.3700000000001,1.1368683772161603e-13,2019,2,27,Wednesday
441-94-7118,Alex,Yangon,Member,Male,Electronic Accessories,71.95,1,3.5975,75.5475,2019-02-04,12:14:00 PM,Cash,71.95,4.761904762,3.5975,7.3,71.95,0.0,2019,2,4,Monday
725-96-3778,Giza,Naypyitaw,Member,Female,Home And Lifestyle,89.25,8,35.7,749.7,2019-01-20,10:13:00 AM,Cash,714.0,4.761904762,35.7,4.7,714.0,0.0,2019,1,20,Sunday
531-80-1784,Alex,Yangon,Normal,Male,Electronic Accessories,26.02,7,9.107,191.247,2019-03-28,5:38:00 PM,Cash,182.14,4.761904762,9.107,5.1,182.14,0.0,2019,3,28,Thursday
400-45-1220,Cairo,Mandalay,Normal,Female,Health And Beauty,13.5,10,6.75,141.75,2019-02-27,11:06:00 AM,Credit card,135.0,4.761904762,6.75,4.8,135.0,0.0,2019,2,27,Wednesday
860-79-0874,Giza,Naypyitaw,Member,Female,Fashion Accessories,99.3,10,49.65,1042.65,2019-02-15,2:53:00 PM,Credit card,993.0,4.761904762,49.65,6.6,993.0,0.0,2019,2,15,Friday
834-61-8124,Alex,Yangon,Normal,Male,Electronic Accessories,51.69,7,18.0915,379.9215,2019-01-26,6:22:00 PM,Cash,361.83,4.761904762,18.0915,5.5,361.83,0.0,2019,1,26,Saturday
115-99-4379,Cairo,Mandalay,Member,Female,Fashion Accessories,54.73,7,19.1555,402.2655,2019-03-14,7:02:00 PM,Credit card,383.11,4.761904762,19.1555,8.5,383.10999999999996,5.684341886080802e-14,2019,3,14,Thursday
565-67-6697,Cairo,Mandalay,Member,Male,Home And Lifestyle,27.0,9,12.15,255.15,2019-03-02,2:16:00 PM,Cash,243.0,4.761904762,12.15,4.8,243.0,0.0,2019,3,2,Saturday
320-49-6392,Giza,Naypyitaw,Normal,Female,Electronic Accessories,30.24,1,1.512,31.752,2019-03-04,3:44:00 PM,Cash,30.24,4.761904762,1.512,8.4,30.24,0.0,2019,3,4,Monday
889-04-9723,Cairo,Mandalay,Member,Female,Food And Beverages,89.14,4,17.828,374.388,2019-01-07,12:20:00 PM,Credit card,356.56,4.761904762,17.828,7.8,356.56,0.0,2019,1,7,Monday
632-90-0281,Giza,Naypyitaw,Normal,Female,Fashion Accessories,37.55,10,18.775,394.275,2019-03-08,8:01:00 PM,Credit card,375.5,4.761904762,18.775,9.3,375.5,0.0,2019,3,8,Friday
554-42-2417,Giza,Naypyitaw,Normal,Female,Sports And Travel,95.44,10,47.72,1002.12,2019-01-09,1:45:00 PM,Cash,954.4,4.761904762,47.72,5.2,954.4,0.0,2019,1,9,Wednesday
453-63-6187,Cairo,Mandalay,Normal,Male,Electronic Accessories,27.5,3,4.125,86.625,2019-03-01,3:40:00 PM,Ewallet,82.5,4.761904762,4.125,6.5,82.5,0.0,2019,3,1,Friday
578-80-7669,Cairo,Mandalay,Normal,Male,Sports And Travel,74.97,1,3.7485,78.7185,2019-03-16,4:58:00 PM,Cash,74.97,4.761904762,3.7485,5.6,74.97,0.0,2019,3,16,Saturday
612-36-5536,Alex,Yangon,Member,Male,Food And Beverages,80.96,8,32.384,680.064,2019-02-17,11:12:00 AM,Credit card,647.68,4.761904762,32.384,7.4,647.68,0.0,2019,2,17,Sunday
605-72-4132,Giza,Naypyitaw,Normal,Female,Food And Beverages,94.47,8,37.788,793.548,2019-02-27,3:12:00 PM,Cash,755.76,4.761904762,37.788,9.1,755.76,0.0,2019,2,27,Wednesday
471-41-2823,Giza,Naypyitaw,Normal,Male,Food And Beverages,99.79,2,9.979,209.559,2019-03-07,8:37:00 PM,Ewallet,199.58,4.761904762,9.979,8.0,199.58,0.0,2019,3,7,Thursday
462-67-9126,Alex,Yangon,Normal,Male,Home And Lifestyle,73.22,6,21.966,461.286,2019-01-21,5:44:00 PM,Cash,439.32,4.761904762,21.966,7.2,439.32,0.0,2019,1,21,Monday
272-27-9238,Giza,Naypyitaw,Normal,Female,Food And Beverages,41.24,4,8.248,173.208,2019-02-19,4:23:00 PM,Cash,164.96,4.761904762,8.248,7.1,164.96,0.0,2019,2,19,Tuesday
834-25-9262,Giza,Naypyitaw,Normal,Female,Fashion Accessories,81.68,4,16.336,343.056,2019-01-06,12:12:00 PM,Cash,326.72,4.761904762,16.336,9.1,326.72,0.0,2019,1,6,Sunday
122-61-9553,Giza,Naypyitaw,Normal,Female,Electronic Accessories,51.32,9,23.094,484.974,2019-03-14,7:33:00 PM,Cash,461.88,4.761904762,23.094,5.6,461.88,0.0,2019,3,14,Thursday
468-88-0009,Alex,Yangon,Member,Male,Home And Lifestyle,65.94,4,13.188,276.948,2019-03-24,10:29:00 AM,Cash,263.76,4.761904762,13.188,6.0,263.76,0.0,2019,3,24,Sunday
613-59-9758,Giza,Naypyitaw,Normal,Female,Sports And Travel,14.36,10,7.18,150.78,2019-01-27,2:28:00 PM,Cash,143.6,4.761904762,7.18,5.4,143.6,0.0,2019,1,27,Sunday
254-31-0042,Alex,Yangon,Member,Male,Electronic Accessories,21.5,9,9.675,203.175,2019-03-06,12:46:00 PM,Credit card,193.5,4.761904762,9.675,7.8,193.5,0.0,2019,3,6,Wednesday
201-86-2184,Cairo,Mandalay,Member,Female,Electronic Accessories,26.26,7,9.191,193.011,2019-02-02,7:40:00 PM,Cash,183.82,4.761904762,9.191,9.9,183.82000000000002,2.842170943040401e-14,2019,2,2,Saturday
261-12-8671,Cairo,Mandalay,Normal,Female,Fashion Accessories,60.96,2,6.096,128.016,2019-01-25,7:39:00 PM,Credit card,121.92,4.761904762,6.096,4.9,121.92,0.0,2019,1,25,Friday
730-70-9830,Giza,Naypyitaw,Normal,Female,Home And Lifestyle,70.11,6,21.033,441.693,2019-03-14,5:54:00 PM,Ewallet,420.66,4.761904762,21.033,5.2,420.65999999999997,5.684341886080802e-14,2019,3,14,Thursday
382-25-8917,Giza,Naypyitaw,Normal,Male,Fashion Accessories,42.08,6,12.624,265.104,2019-01-29,12:25:00 PM,Cash,252.48,4.761904762,12.624,8.9,252.48,0.0,2019,1,29,Tuesday
422-29-8786,Alex,Yangon,Normal,Female,Home And Lifestyle,67.09,5,16.7725,352.2225,2019-01-03,4:47:00 PM,Credit card,335.45,4.761904762,16.7725,9.1,335.45000000000005,5.684341886080802e-14,2019,1,3,Thursday
667-23-5919,Alex,Yangon,Member,Female,Fashion Accessories,96.7,5,24.175,507.675,2019-01-14,12:52:00 PM,Ewallet,483.5,4.761904762,24.175,7.0,483.5,0.0,2019,1,14,Monday
843-01-4703,Cairo,Mandalay,Member,Female,Home And Lifestyle,35.38,9,15.921,334.341,2019-01-05,7:50:00 PM,Credit card,318.42,4.761904762,15.921,9.6,318.42,0.0,2019,1,5,Saturday
743-88-1662,Giza,Naypyitaw,Normal,Male,Sports And Travel,95.49,7,33.4215,701.8515,2019-02-22,6:17:00 PM,Ewallet,668.43,4.761904762,33.4215,8.7,668.43,0.0,2019,2,22,Friday
595-86-2894,Giza,Naypyitaw,Member,Male,Fashion Accessories,96.98,4,19.396,407.316,2019-02-06,5:20:00 PM,Ewallet,387.92,4.761904762,19.396,9.4,387.92,0.0,2019,2,6,Wednesday
182-69-8360,Cairo,Mandalay,Normal,Female,Electronic Accessories,23.65,4,4.73,99.33,2019-01-30,1:32:00 PM,Credit card,94.6,4.761904762,4.73,4.0,94.6,0.0,2019,1,30,Wednesday
289-15-7034,Alex,Yangon,Member,Male,Sports And Travel,82.33,4,16.466,345.786,2019-01-11,10:37:00 AM,Credit card,329.32,4.761904762,16.466,7.5,329.32,0.0,2019,1,11,Friday
462-78-5240,Giza,Naypyitaw,Normal,Female,Electronic Accessories,26.61,2,2.661,55.881,2019-03-19,2:35:00 PM,Cash,53.22,4.761904762,2.661,4.2,53.22,0.0,2019,3,19,Tuesday
868-52-7573,Cairo,Mandalay,Normal,Female,Food And Beverages,99.69,5,24.9225,523.3725,2019-01-14,12:09:00 PM,Cash,498.45,4.761904762,24.9225,9.9,498.45,0.0,2019,1,14,Monday
153-58-4872,Giza,Naypyitaw,Member,Female,Food And Beverages,74.89,4,14.978,314.538,2019-03-01,3:32:00 PM,Ewallet,299.56,4.761904762,14.978,4.2,299.56,0.0,2019,3,1,Friday
662-72-2873,Alex,Yangon,Normal,Female,Food And Beverages,40.94,5,10.235,214.935,2019-01-06,1:58:00 PM,Ewallet,204.7,4.761904762,10.235,9.9,204.7,0.0,2019,1,6,Sunday
525-88-7307,Cairo,Mandalay,Member,Male,Sports And Travel,75.82,1,3.791,79.611,2019-01-31,1:19:00 PM,Cash,75.82,4.761904762,3.791,5.8,75.82,0.0,2019,1,31,Thursday
689-16-9784,Giza,Naypyitaw,Normal,Male,Food And Beverages,46.77,6,14.031,294.651,2019-03-11,1:37:00 PM,Cash,280.62,4.761904762,14.031,6.0,280.62,0.0,2019,3,11,Monday
725-56-0833,Alex,Yangon,Normal,Female,Health And Beauty,32.32,10,16.16,339.36,2019-02-20,4:49:00 PM,Credit card,323.2,4.761904762,16.16,10.0,323.2,0.0,2019,2,20,Wednesday
394-41-0748,Giza,Naypyitaw,Member,Female,Fashion Accessories,54.07,9,24.3315,510.9615,2019-01-27,2:55:00 PM,Ewallet,486.63,4.761904762,24.3315,9.5,486.63,0.0,2019,1,27,Sunday
596-42-3999,Cairo,Mandalay,Normal,Male,Food And Beverages,18.22,7,6.377,133.917,2019-03-10,2:04:00 PM,Credit card,127.54,4.761904762,6.377,6.6,127.53999999999999,1.4210854715202004e-14,2019,3,10,Sunday
541-89-9860,Giza,Naypyitaw,Member,Female,Fashion Accessories,80.48,3,12.072,253.512,2019-02-15,12:31:00 PM,Cash,241.44,4.761904762,12.072,8.1,241.44,0.0,2019,2,15,Friday
173-82-9529,Cairo,Mandalay,Normal,Female,Fashion Accessories,37.95,10,18.975,398.475,2019-01-26,2:51:00 PM,Cash,379.5,4.761904762,18.975,9.7,379.5,0.0,2019,1,26,Saturday
563-36-9814,Alex,Yangon,Member,Male,Electronic Accessories,76.82,1,3.841,80.661,2019-02-13,6:27:00 PM,Ewallet,76.82,4.761904762,3.841,7.2,76.82,0.0,2019,2,13,Wednesday
308-47-4913,Alex,Yangon,Member,Female,Sports And Travel,52.26,10,26.13,548.73,2019-03-09,12:45:00 PM,Credit card,522.6,4.761904762,26.13,6.2,522.6,0.0,2019,3,9,Saturday
885-17-6250,Alex,Yangon,Normal,Female,Health And Beauty,79.74,1,3.987,83.727,2019-03-06,10:36:00 AM,Ewallet,79.74,4.761904762,3.987,7.3,79.74,0.0,2019,3,6,Wednesday
726-27-2396,Alex,Yangon,Normal,Female,Health And Beauty,77.5,5,19.375,406.875,2019-01-24,8:36:00 PM,Ewallet,387.5,4.761904762,19.375,4.3,387.5,0.0,2019,1,24,Thursday
316-01-3952,Alex,Yangon,Normal,Female,Food And Beverages,54.27,5,13.5675,284.9175,2019-03-13,2:16:00 PM,Ewallet,271.35,4.761904762,13.5675,4.6,271.35,0.0,2019,3,13,Wednesday
760-54-1821,Cairo,Mandalay,Normal,Male,Home And Lifestyle,13.59,9,6.1155,128.4255,2019-03-15,10:26:00 AM,Cash,122.31,4.761904762,6.1155,5.8,122.31,0.0,2019,3,15,Friday
793-10-3222,Cairo,Mandalay,Member,Female,Health And Beauty,41.06,6,12.318,258.678,2019-03-05,1:30:00 PM,Credit card,246.36,4.761904762,12.318,8.3,246.36,0.0,2019,3,5,Tuesday
346-12-3257,Cairo,Mandalay,Member,Male,Electronic Accessories,19.24,9,8.658,181.818,2019-03-04,4:28:00 PM,Cash,173.16,4.761904762,8.658,8.0,173.16,0.0,2019,3,4,Monday
110-05-6330,Giza,Naypyitaw,Normal,Female,Food And Beverages,39.43,6,11.829,248.409,2019-03-25,8:18:00 PM,Credit card,236.58,4.761904762,11.829,9.4,236.57999999999998,2.842170943040401e-14,2019,3,25,Monday
651-61-0874,Giza,Naypyitaw,Normal,Male,Home And Lifestyle,46.22,4,9.244,194.124,2019-03-12,8:04:00 PM,Credit card,184.88,4.761904762,9.244,6.2,184.88,0.0,2019,3,12,Tuesday
236-86-3015,Giza,Naypyitaw,Member,Male,Home And Lifestyle,13.98,1,0.699,14.679,2019-02-04,1:38:00 PM,Ewallet,13.98,4.761904762,0.699,9.8,13.98,0.0,2019,2,4,Monday
831-64-0259,Cairo,Mandalay,Normal,Female,Fashion Accessories,39.75,5,9.9375,208.6875,2019-02-22,10:43:00 AM,Ewallet,198.75,4.761904762,9.9375,9.6,198.75,0.0,2019,2,22,Friday
587-03-7455,Giza,Naypyitaw,Member,Female,Fashion Accessories,97.79,7,34.2265,718.7565,2019-02-16,5:30:00 PM,Ewallet,684.53,4.761904762,34.2265,4.9,684.5300000000001,1.1368683772161603e-13,2019,2,16,Saturday
882-40-4577,Alex,Yangon,Member,Male,Sports And Travel,67.26,4,13.452,282.492,2019-01-19,3:28:00 PM,Credit card,269.04,4.761904762,13.452,8.0,269.04,0.0,2019,1,19,Saturday
732-67-5346,Alex,Yangon,Normal,Male,Food And Beverages,13.79,5,3.4475,72.3975,2019-01-11,7:07:00 PM,Credit card,68.95,4.761904762,3.4475,7.8,68.94999999999999,1.4210854715202004e-14,2019,1,11,Friday
725-32-9708,Cairo,Mandalay,Member,Female,Fashion Accessories,68.71,4,13.742,288.582,2019-01-04,7:01:00 PM,Cash,274.84,4.761904762,13.742,4.1,274.84,0.0,2019,1,4,Friday
256-08-8343,Alex,Yangon,Normal,Female,Home And Lifestyle,56.53,4,11.306,237.426,2019-03-04,7:48:00 PM,Ewallet,226.12,4.761904762,11.306,5.5,226.12,0.0,2019,3,4,Monday
372-26-1506,Giza,Naypyitaw,Normal,Female,Fashion Accessories,23.82,5,5.955,125.055,2019-01-28,7:24:00 PM,Ewallet,119.1,4.761904762,5.955,5.4,119.1,0.0,2019,1,28,Monday
244-08-0162,Cairo,Mandalay,Normal,Female,Health And Beauty,34.21,10,17.105,359.205,2019-01-02,1:00:00 PM,Cash,342.1,4.761904762,17.105,5.1,342.1,0.0,2019,1,2,Wednesday
569-71-4390,Cairo,Mandalay,Normal,Male,Sports And Travel,21.87,2,2.187,45.927,2019-01-25,2:29:00 PM,Ewallet,43.74,4.761904762,2.187,6.9,43.74,0.0,2019,1,25,Friday
132-23-6451,Alex,Yangon,Member,Male,Health And Beauty,20.97,5,5.2425,110.0925,2019-01-04,1:21:00 PM,Cash,104.85,4.761904762,5.2425,7.8,104.85,0.0,2019,1,4,Friday
696-90-2548,Alex,Yangon,Normal,Male,Sports And Travel,25.84,3,3.876,81.396,2019-03-10,6:55:00 PM,Ewallet,77.52,4.761904762,3.876,6.6,77.52,0.0,2019,3,10,Sunday
472-15-9636,Alex,Yangon,Normal,Male,Home And Lifestyle,50.93,8,20.372,427.812,2019-03-22,7:36:00 PM,Ewallet,407.44,4.761904762,20.372,9.2,407.44,0.0,2019,3,22,Friday
268-03-6164,Cairo,Mandalay,Normal,Male,Health And Beauty,96.11,1,4.8055,100.9155,2019-01-25,4:28:00 PM,Ewallet,96.11,4.761904762,4.8055,7.8,96.11,0.0,2019,1,25,Friday
750-57-9686,Giza,Naypyitaw,Normal,Female,Home And Lifestyle,45.38,4,9.076,190.596,2019-01-08,1:48:00 PM,Credit card,181.52,4.761904762,9.076,8.7,181.52,0.0,2019,1,8,Tuesday
186-09-3669,Giza,Naypyitaw,Member,Female,Health And Beauty,81.51,1,4.0755,85.5855,2019-01-22,10:57:00 AM,Ewallet,81.51,4.761904762,4.0755,9.2,81.51,0.0,2019,1,22,Tuesday
848-07-1692,Cairo,Mandalay,Normal,Female,Health And Beauty,57.22,2,5.722,120.162,2019-01-12,5:13:00 PM,Ewallet,114.44,4.761904762,5.722,8.3,114.44,0.0,2019,1,12,Saturday
745-71-3520,Alex,Yangon,Member,Female,Electronic Accessories,25.22,7,8.827,185.367,2019-02-04,10:23:00 AM,Cash,176.54,4.761904762,8.827,8.2,176.54,0.0,2019,2,4,Monday
266-76-6436,Giza,Naypyitaw,Member,Female,Food And Beverages,38.6,3,5.79,121.59,2019-03-28,1:57:00 PM,Ewallet,115.8,4.761904762,5.79,7.5,115.80000000000001,1.4210854715202004e-14,2019,3,28,Thursday
740-22-2500,Giza,Naypyitaw,Normal,Female,Electronic Accessories,84.05,3,12.6075,264.7575,2019-01-23,1:29:00 PM,Cash,252.15,4.761904762,12.6075,9.8,252.14999999999998,2.842170943040401e-14,2019,1,23,Wednesday
271-88-8734,Giza,Naypyitaw,Member,Female,Fashion Accessories,97.21,10,48.605,1020.705,2019-02-08,1:00:00 PM,Credit card,972.1,4.761904762,48.605,8.7,972.0999999999999,1.1368683772161603e-13,2019,2,8,Friday
301-81-8610,Cairo,Mandalay,Member,Male,Fashion Accessories,25.42,8,10.168,213.528,2019-03-19,7:42:00 PM,Credit card,203.36,4.761904762,10.168,6.7,203.36,0.0,2019,3,19,Tuesday
489-64-4354,Giza,Naypyitaw,Normal,Male,Fashion Accessories,16.28,1,0.814,17.094,2019-03-09,3:36:00 PM,Cash,16.28,4.761904762,0.814,5.0,16.28,0.0,2019,3,9,Saturday
198-84-7132,Cairo,Mandalay,Member,Male,Fashion Accessories,40.61,9,18.2745,383.7645,2019-01-02,1:40:00 PM,Cash,365.49,4.761904762,18.2745,7.0,365.49,0.0,2019,1,2,Wednesday
269-10-8440,Alex,Yangon,Member,Male,Health And Beauty,53.17,7,18.6095,390.7995,2019-01-21,6:01:00 PM,Cash,372.19,4.761904762,18.6095,8.9,372.19,0.0,2019,1,21,Monday
650-98-6268,Cairo,Mandalay,Member,Female,Food And Beverages,20.87,3,3.1305,65.7405,2019-03-20,1:53:00 PM,Credit card,62.61,4.761904762,3.1305,8.0,62.61,0.0,2019,3,20,Wednesday
741-73-3559,Cairo,Mandalay,Normal,Male,Sports And Travel,67.27,5,16.8175,353.1675,2019-02-27,5:27:00 PM,Cash,336.35,4.761904762,16.8175,6.9,336.34999999999997,5.684341886080802e-14,2019,2,27,Wednesday
325-77-6186,Alex,Yangon,Member,Female,Home And Lifestyle,90.65,10,45.325,951.825,2019-03-08,10:53:00 AM,Ewallet,906.5,4.761904762,45.325,7.3,906.5,0.0,2019,3,8,Friday
286-75-7818,Cairo,Mandalay,Normal,Male,Fashion Accessories,69.08,2,6.908,145.068,2019-01-31,7:48:00 PM,Credit card,138.16,4.761904762,6.908,6.9,138.16,0.0,2019,1,31,Thursday
574-57-9721,Giza,Naypyitaw,Normal,Male,Food And Beverages,43.27,2,4.327,90.867,2019-03-08,4:53:00 PM,Ewallet,86.54,4.761904762,4.327,5.7,86.54,0.0,2019,3,8,Friday
459-50-7686,Alex,Yangon,Normal,Female,Electronic Accessories,23.46,6,7.038,147.798,2019-01-13,7:14:00 PM,Ewallet,140.76,4.761904762,7.038,6.4,140.76,0.0,2019,1,13,Sunday
616-87-0016,Cairo,Mandalay,Normal,Male,Fashion Accessories,95.54,7,33.439,702.219,2019-03-09,2:36:00 PM,Credit card,668.78,4.761904762,33.439,9.6,668.7800000000001,1.1368683772161603e-13,2019,3,9,Saturday
837-55-7229,Cairo,Mandalay,Normal,Female,Fashion Accessories,47.44,1,2.372,49.812,2019-02-22,6:19:00 PM,Credit card,47.44,4.761904762,2.372,6.8,47.44,0.0,2019,2,22,Friday
751-69-0068,Giza,Naypyitaw,Normal,Male,Sports And Travel,99.24,9,44.658,937.818,2019-03-19,7:09:00 PM,Ewallet,893.16,4.761904762,44.658,9.0,893.16,0.0,2019,3,19,Tuesday
257-73-1380,Giza,Naypyitaw,Member,Male,Sports And Travel,82.93,4,16.586,348.306,2019-01-20,4:51:00 PM,Ewallet,331.72,4.761904762,16.586,9.6,331.72,0.0,2019,1,20,Sunday
345-08-4992,Alex,Yangon,Normal,Male,Home And Lifestyle,33.99,6,10.197,214.137,2019-03-08,3:37:00 PM,Credit card,203.94,4.761904762,10.197,7.7,203.94,0.0,2019,3,8,Friday
549-96-4200,Giza,Naypyitaw,Member,Male,Food And Beverages,17.04,4,3.408,71.568,2019-03-08,8:15:00 PM,Ewallet,68.16,4.761904762,3.408,7.0,68.16,0.0,2019,3,8,Friday
810-60-6344,Giza,Naypyitaw,Normal,Female,Electronic Accessories,40.86,8,16.344,343.224,2019-02-07,2:38:00 PM,Credit card,326.88,4.761904762,16.344,6.5,326.88,0.0,2019,2,7,Thursday
450-28-2866,Giza,Naypyitaw,Member,Male,Food And Beverages,17.44,5,4.36,91.56,2019-01-15,7:25:00 PM,Cash,87.2,4.761904762,4.36,8.1,87.2,0.0,2019,1,15,Tuesday
394-30-3170,Cairo,Mandalay,Member,Female,Sports And Travel,88.43,8,35.372,742.812,2019-03-22,7:35:00 PM,Credit card,707.44,4.761904762,35.372,4.3,707.44,0.0,2019,3,22,Friday
138-17-5109,Alex,Yangon,Member,Female,Home And Lifestyle,89.21,9,40.1445,843.0345,2019-01-15,3:42:00 PM,Credit card,802.89,4.761904762,40.1445,6.5,802.89,0.0,2019,1,15,Tuesday
192-98-7397,Giza,Naypyitaw,Normal,Male,Fashion Accessories,12.78,1,0.639,13.419,2019-01-08,2:11:00 PM,Ewallet,12.78,4.761904762,0.639,9.5,12.78,0.0,2019,1,8,Tuesday
301-11-9629,Alex,Yangon,Normal,Female,Sports And Travel,19.1,7,6.685,140.385,2019-01-15,10:43:00 AM,Cash,133.7,4.761904762,6.685,9.7,133.70000000000002,2.842170943040401e-14,2019,1,15,Tuesday
390-80-5128,Cairo,Mandalay,Member,Female,Health And Beauty,19.15,1,0.9575,20.1075,2019-01-28,5:58:00 PM,Credit card,19.15,4.761904762,0.9575,9.5,19.15,0.0,2019,1,28,Monday
235-46-8343,Giza,Naypyitaw,Member,Male,Food And Beverages,27.66,10,13.83,290.43,2019-02-14,11:26:00 AM,Credit card,276.6,4.761904762,13.83,8.9,276.6,0.0,2019,2,14,Thursday
453-12-7053,Giza,Naypyitaw,Normal,Male,Fashion Accessories,45.74,3,6.861,144.081,2019-03-10,5:38:00 PM,Credit card,137.22,4.761904762,6.861,6.5,137.22,0.0,2019,3,10,Sunday
296-11-7041,Cairo,Mandalay,Member,Female,Health And Beauty,27.07,1,1.3535,28.4235,2019-01-12,8:07:00 PM,Credit card,27.07,4.761904762,1.3535,5.3,27.07,0.0,2019,1,12,Saturday
449-27-2918,Cairo,Mandalay,Member,Female,Sports And Travel,39.12,1,1.956,41.076,2019-03-26,11:02:00 AM,Credit card,39.12,4.761904762,1.956,9.6,39.12,0.0,2019,3,26,Tuesday
891-01-7034,Cairo,Mandalay,Normal,Female,Electronic Accessories,74.71,6,22.413,470.673,2019-01-01,7:07:00 PM,Cash,448.26,4.761904762,22.413,6.7,448.26,0.0,2019,1,1,Tuesday
744-09-5786,Cairo,Mandalay,Normal,Male,Electronic Accessories,22.01,6,6.603,138.663,2019-01-02,6:50:00 PM,Cash,132.06,4.761904762,6.603,7.6,132.06,0.0,2019,1,2,Wednesday
727-17-0390,Alex,Yangon,Normal,Female,Food And Beverages,63.61,5,15.9025,333.9525,2019-03-16,12:43:00 PM,Ewallet,318.05,4.761904762,15.9025,4.8,318.05,0.0,2019,3,16,Saturday
568-88-3448,Alex,Yangon,Normal,Male,Health And Beauty,25.0,1,1.25,26.25,2019-03-03,3:09:00 PM,Ewallet,25.0,4.761904762,1.25,5.5,25.0,0.0,2019,3,3,Sunday
187-83-5490,Alex,Yangon,Member,Male,Electronic Accessories,20.77,4,4.154,87.234,2019-01-31,1:47:00 PM,Cash,83.08,4.761904762,4.154,4.7,83.08,0.0,2019,1,31,Thursday
767-54-1907,Cairo,Mandalay,Member,Female,Fashion Accessories,29.56,5,7.39,155.19,2019-02-13,4:59:00 PM,Cash,147.8,4.761904762,7.39,6.9,147.79999999999998,2.842170943040401e-14,2019,2,13,Wednesday
710-46-4433,Cairo,Mandalay,Member,Female,Food And Beverages,77.4,9,34.83,731.43,2019-02-15,2:15:00 PM,Credit card,696.6,4.761904762,34.83,4.5,696.6,0.0,2019,2,15,Friday
533-33-5337,Cairo,Mandalay,Normal,Male,Electronic Accessories,79.39,10,39.695,833.595,2019-02-07,8:24:00 PM,Cash,793.9,4.761904762,39.695,6.2,793.9,0.0,2019,2,7,Thursday
325-90-8763,Giza,Naypyitaw,Member,Female,Electronic Accessories,46.57,10,23.285,488.985,2019-01-27,1:58:00 PM,Cash,465.7,4.761904762,23.285,7.6,465.7,0.0,2019,1,27,Sunday
729-46-7422,Giza,Naypyitaw,Normal,Male,Food And Beverages,35.89,1,1.7945,37.6845,2019-02-23,4:52:00 PM,Credit card,35.89,4.761904762,1.7945,7.9,35.89,0.0,2019,2,23,Saturday
639-76-1242,Giza,Naypyitaw,Normal,Male,Food And Beverages,40.52,5,10.13,212.73,2019-02-03,3:19:00 PM,Cash,202.6,4.761904762,10.13,4.5,202.60000000000002,2.842170943040401e-14,2019,2,3,Sunday
234-03-4040,Cairo,Mandalay,Member,Female,Food And Beverages,73.05,10,36.525,767.025,2019-03-03,12:25:00 PM,Credit card,730.5,4.761904762,36.525,8.7,730.5,0.0,2019,3,3,Sunday
326-71-2155,Giza,Naypyitaw,Normal,Female,Sports And Travel,73.95,4,14.79,310.59,2019-02-03,10:02:00 AM,Cash,295.8,4.761904762,14.79,6.1,295.8,0.0,2019,2,3,Sunday
320-32-8842,Giza,Naypyitaw,Member,Female,Food And Beverages,22.62,1,1.131,23.751,2019-03-17,6:58:00 PM,Cash,22.62,4.761904762,1.131,6.4,22.62,0.0,2019,3,17,Sunday
470-32-9057,Alex,Yangon,Member,Male,Food And Beverages,51.34,5,12.835,269.535,2019-03-28,3:31:00 PM,Credit card,256.7,4.761904762,12.835,9.1,256.70000000000005,5.684341886080802e-14,2019,3,28,Thursday
878-30-2331,Giza,Naypyitaw,Member,Female,Sports And Travel,54.55,10,27.275,572.775,2019-03-02,11:22:00 AM,Credit card,545.5,4.761904762,27.275,7.1,545.5,0.0,2019,3,2,Saturday
440-59-5691,Giza,Naypyitaw,Member,Female,Health And Beauty,37.15,7,13.0025,273.0525,2019-02-08,1:12:00 PM,Credit card,260.05,4.761904762,13.0025,7.7,260.05,0.0,2019,2,8,Friday
554-53-3790,Cairo,Mandalay,Normal,Male,Sports And Travel,37.02,6,11.106,233.226,2019-03-22,6:33:00 PM,Cash,222.12,4.761904762,11.106,4.5,222.12,0.0,2019,3,22,Friday
746-19-0921,Giza,Naypyitaw,Normal,Male,Food And Beverages,21.58,1,1.079,22.659,2019-02-09,10:02:00 AM,Ewallet,21.58,4.761904762,1.079,7.2,21.58,0.0,2019,2,9,Saturday
233-34-0817,Giza,Naypyitaw,Member,Female,Electronic Accessories,98.84,1,4.942,103.782,2019-02-15,11:21:00 AM,Cash,98.84,4.761904762,4.942,8.4,98.84,0.0,2019,2,15,Friday
767-05-1286,Giza,Naypyitaw,Member,Female,Home And Lifestyle,83.77,6,25.131,527.751,2019-01-23,12:10:00 PM,Ewallet,502.62,4.761904762,25.131,5.4,502.62,0.0,2019,1,23,Wednesday
340-21-9136,Alex,Yangon,Member,Female,Sports And Travel,40.05,4,8.01,168.21,2019-01-25,11:40:00 AM,Cash,160.2,4.761904762,8.01,9.7,160.2,0.0,2019,1,25,Friday
405-31-3305,Alex,Yangon,Member,Male,Fashion Accessories,43.13,10,21.565,452.865,2019-02-02,6:31:00 PM,Credit card,431.3,4.761904762,21.565,5.5,431.3,0.0,2019,2,2,Saturday
731-59-7531,Cairo,Mandalay,Member,Male,Health And Beauty,72.57,8,29.028,609.588,2019-03-30,5:58:00 PM,Cash,580.56,4.761904762,29.028,4.6,580.56,0.0,2019,3,30,Saturday
676-39-6028,Alex,Yangon,Member,Female,Electronic Accessories,64.44,5,16.11,338.31,2019-03-30,5:04:00 PM,Cash,322.2,4.761904762,16.11,6.6,322.2,0.0,2019,3,30,Saturday
502-05-1910,Alex,Yangon,Normal,Male,Health And Beauty,65.18,3,9.777,205.317,2019-02-25,8:35:00 PM,Credit card,195.54,4.761904762,9.777,6.3,195.54000000000002,2.842170943040401e-14,2019,2,25,Monday
485-30-8700,Alex,Yangon,Normal,Female,Sports And Travel,33.26,5,8.315,174.615,2019-03-18,4:10:00 PM,Credit card,166.3,4.761904762,8.315,4.2,166.29999999999998,2.842170943040401e-14,2019,3,18,Monday
598-47-9715,Giza,Naypyitaw,Normal,Male,Electronic Accessories,84.07,4,16.814,353.094,2019-03-07,4:54:00 PM,Ewallet,336.28,4.761904762,16.814,4.4,336.28,0.0,2019,3,7,Thursday
701-69-8742,Cairo,Mandalay,Normal,Male,Sports And Travel,34.37,10,17.185,360.885,2019-03-16,10:11:00 AM,Ewallet,343.7,4.761904762,17.185,6.7,343.7,0.0,2019,3,16,Saturday
575-67-1508,Alex,Yangon,Normal,Male,Electronic Accessories,38.6,1,1.93,40.53,2019-01-29,11:26:00 AM,Ewallet,38.6,4.761904762,1.93,6.7,38.6,0.0,2019,1,29,Tuesday
541-08-3113,Giza,Naypyitaw,Normal,Male,Food And Beverages,65.97,8,26.388,554.148,2019-02-02,8:29:00 PM,Cash,527.76,4.761904762,26.388,8.4,527.76,0.0,2019,2,2,Saturday
246-11-3901,Giza,Naypyitaw,Normal,Female,Electronic Accessories,32.8,10,16.4,344.4,2019-02-15,12:12:00 PM,Cash,328.0,4.761904762,16.4,6.2,328.0,0.0,2019,2,15,Friday
674-15-9296,Alex,Yangon,Normal,Male,Sports And Travel,37.14,5,9.285,194.985,2019-01-08,1:05:00 PM,Ewallet,185.7,4.761904762,9.285,5.0,185.7,0.0,2019,1,8,Tuesday
305-18-3552,Cairo,Mandalay,Member,Male,Home And Lifestyle,60.38,10,30.19,633.99,2019-02-12,4:19:00 PM,Cash,603.8,4.761904762,30.19,6.0,603.8000000000001,1.1368683772161603e-13,2019,2,12,Tuesday
493-65-6248,Giza,Naypyitaw,Member,Female,Sports And Travel,36.98,10,18.49,388.29,2019-01-01,7:48:00 PM,Credit card,369.8,4.761904762,18.49,7.0,369.79999999999995,5.684341886080802e-14,2019,1,1,Tuesday
438-01-4015,Cairo,Mandalay,Member,Female,Sports And Travel,49.49,4,9.898,207.858,2019-03-21,3:25:00 PM,Ewallet,197.96,4.761904762,9.898,6.6,197.96,0.0,2019,3,21,Thursday
709-58-4068,Cairo,Mandalay,Normal,Female,Fashion Accessories,41.09,10,20.545,431.445,2019-02-28,2:42:00 PM,Cash,410.9,4.761904762,20.545,7.3,410.90000000000003,5.684341886080802e-14,2019,2,28,Thursday
795-49-7276,Alex,Yangon,Normal,Male,Fashion Accessories,37.15,4,7.43,156.03,2019-03-23,6:59:00 PM,Ewallet,148.6,4.761904762,7.43,8.3,148.6,0.0,2019,3,23,Saturday
556-72-8512,Giza,Naypyitaw,Normal,Male,Home And Lifestyle,22.96,1,1.148,24.108,2019-01-30,8:47:00 PM,Cash,22.96,4.761904762,1.148,4.3,22.96,0.0,2019,1,30,Wednesday
627-95-3243,Cairo,Mandalay,Member,Female,Home And Lifestyle,77.68,9,34.956,734.076,2019-02-04,1:21:00 PM,Ewallet,699.12,4.761904762,34.956,9.8,699.1200000000001,1.1368683772161603e-13,2019,2,4,Monday
686-41-0932,Cairo,Mandalay,Normal,Female,Fashion Accessories,34.7,2,3.47,72.87,2019-03-13,7:48:00 PM,Ewallet,69.4,4.761904762,3.47,8.2,69.4,0.0,2019,3,13,Wednesday
510-09-5628,Alex,Yangon,Member,Female,Fashion Accessories,19.66,10,9.83,206.43,2019-03-15,6:20:00 PM,Credit card,196.6,4.761904762,9.83,7.2,196.6,0.0,2019,3,15,Friday
608-04-3797,Cairo,Mandalay,Member,Female,Health And Beauty,25.32,8,10.128,212.688,2019-03-05,8:24:00 PM,Ewallet,202.56,4.761904762,10.128,8.7,202.56,0.0,2019,3,5,Tuesday
148-82-2527,Giza,Naypyitaw,Member,Female,Home And Lifestyle,12.12,10,6.06,127.26,2019-03-05,1:44:00 PM,Credit card,121.2,4.761904762,6.06,8.4,121.19999999999999,1.4210854715202004e-14,2019,3,5,Tuesday
437-53-3084,Cairo,Mandalay,Normal,Male,Fashion Accessories,99.89,2,9.989,209.769,2019-02-26,11:48:00 AM,Ewallet,199.78,4.761904762,9.989,7.1,199.78,0.0,2019,2,26,Tuesday
632-32-4574,Cairo,Mandalay,Normal,Male,Sports And Travel,75.92,8,30.368,637.728,2019-03-20,2:14:00 PM,Cash,607.36,4.761904762,30.368,5.5,607.36,0.0,2019,3,20,Wednesday
556-97-7101,Giza,Naypyitaw,Normal,Female,Electronic Accessories,63.22,2,6.322,132.762,2019-01-01,3:51:00 PM,Cash,126.44,4.761904762,6.322,8.5,126.44,0.0,2019,1,1,Tuesday
862-59-8517,Giza,Naypyitaw,Normal,Female,Food And Beverages,90.24,6,27.072,568.512,2019-01-27,11:17:00 AM,Cash,541.44,4.761904762,27.072,6.2,541.4399999999999,1.1368683772161603e-13,2019,1,27,Sunday
401-18-8016,Cairo,Mandalay,Member,Female,Sports And Travel,98.13,1,4.9065,103.0365,2019-01-21,5:36:00 PM,Cash,98.13,4.761904762,4.9065,8.9,98.13,0.0,2019,1,21,Monday
420-18-8989,Alex,Yangon,Member,Female,Sports And Travel,51.52,8,20.608,432.768,2019-02-02,3:47:00 PM,Cash,412.16,4.761904762,20.608,9.6,412.16,0.0,2019,2,2,Saturday
277-63-2961,Cairo,Mandalay,Member,Male,Sports And Travel,73.97,1,3.6985,77.6685,2019-02-03,3:53:00 PM,Credit card,73.97,4.761904762,3.6985,5.4,73.97,0.0,2019,2,3,Sunday
573-98-8548,Giza,Naypyitaw,Member,Female,Fashion Accessories,31.9,1,1.595,33.495,2019-01-05,12:40:00 PM,Ewallet,31.9,4.761904762,1.595,9.1,31.9,0.0,2019,1,5,Saturday
620-02-2046,Giza,Naypyitaw,Normal,Male,Home And Lifestyle,69.4,2,6.94,145.74,2019-01-27,7:48:00 PM,Ewallet,138.8,4.761904762,6.94,9.0,138.8,0.0,2019,1,27,Sunday
282-35-2475,Cairo,Mandalay,Normal,Female,Sports And Travel,93.31,2,9.331,195.951,2019-03-25,5:53:00 PM,Cash,186.62,4.761904762,9.331,6.3,186.62,0.0,2019,3,25,Monday
511-54-3087,Cairo,Mandalay,Normal,Male,Sports And Travel,88.45,1,4.4225,92.8725,2019-02-25,4:36:00 PM,Credit card,88.45,4.761904762,4.4225,9.5,88.45,0.0,2019,2,25,Monday
726-29-6793,Alex,Yangon,Member,Male,Electronic Accessories,24.18,8,9.672,203.112,2019-01-28,8:54:00 PM,Ewallet,193.44,4.761904762,9.672,9.8,193.44,0.0,2019,1,28,Monday
387-49-4215,Cairo,Mandalay,Member,Female,Sports And Travel,48.5,3,7.275,152.775,2019-01-08,12:50:00 PM,Cash,145.5,4.761904762,7.275,6.7,145.5,0.0,2019,1,8,Tuesday
862-17-9201,Cairo,Mandalay,Normal,Female,Food And Beverages,84.05,6,25.215,529.515,2019-01-29,10:48:00 AM,Credit card,504.3,4.761904762,25.215,7.7,504.29999999999995,5.684341886080802e-14,2019,1,29,Tuesday
291-21-5991,Cairo,Mandalay,Member,Male,Health And Beauty,61.29,5,15.3225,321.7725,2019-03-29,2:28:00 PM,Cash,306.45,4.761904762,15.3225,7.0,306.45,0.0,2019,3,29,Friday
602-80-9671,Giza,Naypyitaw,Member,Female,Home And Lifestyle,15.95,6,4.785,100.485,2019-02-09,5:15:00 PM,Credit card,95.7,4.761904762,4.785,5.1,95.69999999999999,1.4210854715202004e-14,2019,2,9,Saturday
347-72-6115,Cairo,Mandalay,Member,Female,Sports And Travel,90.74,7,31.759,666.939,2019-01-16,6:03:00 PM,Credit card,635.18,4.761904762,31.759,6.2,635.18,0.0,2019,1,16,Wednesday
209-61-0206,Alex,Yangon,Normal,Female,Home And Lifestyle,42.91,5,10.7275,225.2775,2019-01-05,5:29:00 PM,Ewallet,214.55,4.761904762,10.7275,6.1,214.54999999999998,2.842170943040401e-14,2019,1,5,Saturday
595-27-4851,Alex,Yangon,Normal,Female,Fashion Accessories,54.28,7,18.998,398.958,2019-01-27,6:05:00 PM,Ewallet,379.96,4.761904762,18.998,9.3,379.96000000000004,5.684341886080802e-14,2019,1,27,Sunday
189-52-0236,Alex,Yangon,Normal,Male,Electronic Accessories,99.55,7,34.8425,731.6925,2019-03-14,12:07:00 PM,Cash,696.85,4.761904762,34.8425,7.6,696.85,0.0,2019,3,14,Thursday
503-07-0930,Giza,Naypyitaw,Member,Male,Sports And Travel,58.39,7,20.4365,429.1665,2019-02-23,7:49:00 PM,Credit card,408.73,4.761904762,20.4365,8.2,408.73,0.0,2019,2,23,Saturday
413-20-6708,Giza,Naypyitaw,Member,Female,Fashion Accessories,51.47,1,2.5735,54.0435,2019-03-18,3:52:00 PM,Ewallet,51.47,4.761904762,2.5735,8.5,51.47,0.0,2019,3,18,Monday
425-85-2085,Cairo,Mandalay,Member,Male,Health And Beauty,54.86,5,13.715,288.015,2019-03-29,4:48:00 PM,Ewallet,274.3,4.761904762,13.715,9.8,274.3,0.0,2019,3,29,Friday
521-18-7827,Giza,Naypyitaw,Member,Male,Home And Lifestyle,39.39,5,9.8475,206.7975,2019-01-22,8:46:00 PM,Credit card,196.95,4.761904762,9.8475,8.7,196.95,0.0,2019,1,22,Tuesday
220-28-1851,Alex,Yangon,Normal,Male,Home And Lifestyle,34.73,2,3.473,72.933,2019-03-01,6:14:00 PM,Ewallet,69.46,4.761904762,3.473,9.7,69.46,0.0,2019,3,1,Friday
600-38-9738,Giza,Naypyitaw,Member,Male,Sports And Travel,71.92,5,17.98,377.58,2019-01-17,3:05:00 PM,Credit card,359.6,4.761904762,17.98,4.3,359.6,0.0,2019,1,17,Thursday
734-91-1155,Cairo,Mandalay,Normal,Female,Electronic Accessories,45.71,3,6.8565,143.9865,2019-03-26,10:34:00 AM,Credit card,137.13,4.761904762,6.8565,7.7,137.13,0.0,2019,3,26,Tuesday
451-28-5717,Giza,Naypyitaw,Member,Female,Home And Lifestyle,83.17,6,24.951,523.971,2019-03-20,11:23:00 AM,Cash,499.02,4.761904762,24.951,7.3,499.02,0.0,2019,3,20,Wednesday
609-81-8548,Alex,Yangon,Member,Female,Home And Lifestyle,37.44,6,11.232,235.872,2019-02-06,1:55:00 PM,Credit card,224.64,4.761904762,11.232,5.9,224.64,0.0,2019,2,6,Wednesday
133-14-7229,Giza,Naypyitaw,Normal,Male,Health And Beauty,62.87,2,6.287,132.027,2019-01-01,11:43:00 AM,Cash,125.74,4.761904762,6.287,5.0,125.74,0.0,2019,1,1,Tuesday
534-01-4457,Alex,Yangon,Normal,Male,Food And Beverages,81.71,6,24.513,514.773,2019-01-27,2:36:00 PM,Credit card,490.26,4.761904762,24.513,8.0,490.26,0.0,2019,1,27,Sunday
719-89-8991,Alex,Yangon,Member,Female,Sports And Travel,91.41,5,22.8525,479.9025,2019-02-25,4:03:00 PM,Ewallet,457.05,4.761904762,22.8525,7.1,457.04999999999995,5.684341886080802e-14,2019,2,25,Monday
286-62-6248,Cairo,Mandalay,Normal,Male,Fashion Accessories,39.21,4,7.842,164.682,2019-01-16,8:03:00 PM,Credit card,156.84,4.761904762,7.842,9.0,156.84,0.0,2019,1,16,Wednesday
339-38-9982,Cairo,Mandalay,Member,Male,Fashion Accessories,59.86,2,5.986,125.706,2019-01-13,2:55:00 PM,Ewallet,119.72,4.761904762,5.986,6.7,119.72,0.0,2019,1,13,Sunday
827-44-5872,Cairo,Mandalay,Member,Female,Food And Beverages,54.36,10,27.18,570.78,2019-02-07,11:28:00 AM,Credit card,543.6,4.761904762,27.18,6.1,543.6,0.0,2019,2,7,Thursday
827-77-7633,Alex,Yangon,Normal,Male,Sports And Travel,98.09,9,44.1405,926.9505,2019-02-17,7:41:00 PM,Cash,882.81,4.761904762,44.1405,9.3,882.8100000000001,1.1368683772161603e-13,2019,2,17,Sunday
287-83-1405,Alex,Yangon,Normal,Male,Health And Beauty,25.43,6,7.629,160.209,2019-02-12,7:01:00 PM,Ewallet,152.58,4.761904762,7.629,7.0,152.57999999999998,2.842170943040401e-14,2019,2,12,Tuesday
435-13-4908,Alex,Yangon,Member,Male,Fashion Accessories,86.68,8,34.672,728.112,2019-01-24,6:04:00 PM,Credit card,693.44,4.761904762,34.672,7.2,693.44,0.0,2019,1,24,Thursday
857-67-9057,Cairo,Mandalay,Normal,Male,Electronic Accessories,22.95,10,11.475,240.975,2019-02-06,7:20:00 PM,Ewallet,229.5,4.761904762,11.475,8.2,229.5,0.0,2019,2,6,Wednesday
236-27-1144,Giza,Naypyitaw,Normal,Female,Food And Beverages,16.31,9,7.3395,154.1295,2019-03-26,10:31:00 AM,Ewallet,146.79,4.761904762,7.3395,8.4,146.79,0.0,2019,3,26,Tuesday
892-05-6689,Alex,Yangon,Normal,Female,Home And Lifestyle,28.32,5,7.08,148.68,2019-03-11,1:28:00 PM,Ewallet,141.6,4.761904762,7.08,6.2,141.6,0.0,2019,3,11,Monday
583-41-4548,Giza,Naypyitaw,Normal,Male,Home And Lifestyle,16.67,7,5.8345,122.5245,2019-02-07,11:36:00 AM,Ewallet,116.69,4.761904762,5.8345,7.4,116.69000000000001,1.4210854715202004e-14,2019,2,7,Thursday
339-12-4827,Cairo,Mandalay,Member,Female,Fashion Accessories,73.96,1,3.698,77.658,2019-01-05,11:32:00 AM,Credit card,73.96,4.761904762,3.698,5.0,73.96,0.0,2019,1,5,Saturday
643-38-7867,Alex,Yangon,Normal,Male,Home And Lifestyle,97.94,1,4.897,102.837,2019-03-07,11:44:00 AM,Ewallet,97.94,4.761904762,4.897,6.9,97.94,0.0,2019,3,7,Thursday
308-81-0538,Alex,Yangon,Normal,Female,Fashion Accessories,73.05,4,14.61,306.81,2019-02-25,5:16:00 PM,Credit card,292.2,4.761904762,14.61,4.9,292.2,0.0,2019,2,25,Monday
358-88-9262,Giza,Naypyitaw,Member,Female,Food And Beverages,87.48,6,26.244,551.124,2019-02-01,6:43:00 PM,Ewallet,524.88,4.761904762,26.244,5.1,524.88,0.0,2019,2,1,Friday
460-35-4390,Alex,Yangon,Normal,Male,Home And Lifestyle,30.68,3,4.602,96.642,2019-01-22,11:00:00 AM,Ewallet,92.04,4.761904762,4.602,9.1,92.03999999999999,1.4210854715202004e-14,2019,1,22,Tuesday
343-87-0864,Giza,Naypyitaw,Member,Male,Health And Beauty,75.88,1,3.794,79.674,2019-01-03,10:30:00 AM,Credit card,75.88,4.761904762,3.794,7.1,75.88,0.0,2019,1,3,Thursday
173-50-1108,Cairo,Mandalay,Member,Female,Sports And Travel,20.18,4,4.036,84.756,2019-02-13,12:14:00 PM,Credit card,80.72,4.761904762,4.036,5.0,80.72,0.0,2019,2,13,Wednesday
243-47-2663,Giza,Naypyitaw,Member,Male,Electronic Accessories,18.77,6,5.631,118.251,2019-01-28,4:43:00 PM,Credit card,112.62,4.761904762,5.631,5.5,112.62,0.0,2019,1,28,Monday
841-18-8232,Cairo,Mandalay,Normal,Female,Food And Beverages,71.2,1,3.56,74.76,2019-01-05,8:40:00 PM,Credit card,71.2,4.761904762,3.56,9.2,71.2,0.0,2019,1,5,Saturday
701-23-5550,Cairo,Mandalay,Member,Male,Home And Lifestyle,38.81,4,7.762,163.002,2019-03-19,1:40:00 PM,Ewallet,155.24,4.761904762,7.762,4.9,155.24,0.0,2019,3,19,Tuesday
647-50-1224,Alex,Yangon,Normal,Female,Fashion Accessories,29.42,10,14.71,308.91,2019-01-12,4:23:00 PM,Ewallet,294.2,4.761904762,14.71,8.9,294.20000000000005,5.684341886080802e-14,2019,1,12,Saturday
541-48-8554,Alex,Yangon,Normal,Male,Sports And Travel,60.95,9,27.4275,575.9775,2019-01-07,12:08:00 PM,Credit card,548.55,4.761904762,27.4275,6.0,548.5500000000001,1.1368683772161603e-13,2019,1,7,Monday
539-21-7227,Cairo,Mandalay,Normal,Female,Sports And Travel,51.54,5,12.885,270.585,2019-01-26,5:45:00 PM,Cash,257.7,4.761904762,12.885,4.2,257.7,0.0,2019,1,26,Saturday
213-32-1216,Alex,Yangon,Normal,Female,Electronic Accessories,66.06,6,19.818,416.178,2019-01-23,10:28:00 AM,Cash,396.36,4.761904762,19.818,7.3,396.36,0.0,2019,1,23,Wednesday
747-58-7183,Cairo,Mandalay,Normal,Male,Fashion Accessories,57.27,3,8.5905,180.4005,2019-02-09,8:31:00 PM,Ewallet,171.81,4.761904762,8.5905,6.5,171.81,0.0,2019,2,9,Saturday
582-52-8065,Cairo,Mandalay,Normal,Female,Fashion Accessories,54.31,9,24.4395,513.2295,2019-02-22,10:49:00 AM,Cash,488.79,4.761904762,24.4395,8.9,488.79,0.0,2019,2,22,Friday
210-57-1719,Cairo,Mandalay,Normal,Female,Health And Beauty,58.24,9,26.208,550.368,2019-02-05,12:34:00 PM,Cash,524.16,4.761904762,26.208,9.7,524.16,0.0,2019,2,5,Tuesday
399-69-4630,Giza,Naypyitaw,Normal,Male,Electronic Accessories,22.21,6,6.663,139.923,2019-03-07,10:23:00 AM,Credit card,133.26,4.761904762,6.663,8.6,133.26,0.0,2019,3,7,Thursday
134-75-2619,Alex,Yangon,Member,Male,Electronic Accessories,19.32,7,6.762,142.002,2019-03-25,6:51:00 PM,Cash,135.24,4.761904762,6.762,6.9,135.24,0.0,2019,3,25,Monday
356-44-8813,Cairo,Mandalay,Normal,Male,Home And Lifestyle,37.48,3,5.622,118.062,2019-01-20,1:45:00 PM,Credit card,112.44,4.761904762,5.622,7.7,112.44,0.0,2019,1,20,Sunday
198-66-9832,Cairo,Mandalay,Member,Female,Fashion Accessories,72.04,2,7.204,151.284,2019-02-04,7:38:00 PM,Cash,144.08,4.761904762,7.204,9.5,144.08,0.0,2019,2,4,Monday
283-26-5248,Giza,Naypyitaw,Member,Female,Food And Beverages,98.52,10,49.26,1034.46,2019-01-30,8:23:00 PM,Ewallet,985.2,4.761904762,49.26,4.5,985.1999999999999,1.1368683772161603e-13,2019,1,30,Wednesday
712-39-0363,Alex,Yangon,Member,Male,Food And Beverages,41.66,6,12.498,262.458,2019-01-02,3:24:00 PM,Ewallet,249.96,4.761904762,12.498,5.6,249.95999999999998,2.842170943040401e-14,2019,1,2,Wednesday
218-59-9410,Alex,Yangon,Member,Female,Home And Lifestyle,72.42,3,10.863,228.123,2019-03-29,4:54:00 PM,Ewallet,217.26,4.761904762,10.863,8.2,217.26,0.0,2019,3,29,Friday
174-75-0888,Cairo,Mandalay,Normal,Male,Electronic Accessories,21.58,9,9.711,203.931,2019-03-14,12:32:00 PM,Cash,194.22,4.761904762,9.711,7.3,194.21999999999997,2.842170943040401e-14,2019,3,14,Thursday
866-99-7614,Giza,Naypyitaw,Normal,Male,Food And Beverages,89.2,10,44.6,936.6,2019-02-11,3:42:00 PM,Credit card,892.0,4.761904762,44.6,4.4,892.0,0.0,2019,2,11,Monday
134-54-4720,Cairo,Mandalay,Normal,Female,Electronic Accessories,42.42,8,16.968,356.328,2019-01-30,1:58:00 PM,Ewallet,339.36,4.761904762,16.968,5.7,339.36,0.0,2019,1,30,Wednesday
760-90-2357,Alex,Yangon,Member,Male,Electronic Accessories,74.51,6,22.353,469.413,2019-03-20,3:08:00 PM,Ewallet,447.06,4.761904762,22.353,5.0,447.06000000000006,5.684341886080802e-14,2019,3,20,Wednesday
514-37-2845,Cairo,Mandalay,Normal,Male,Fashion Accessories,99.25,2,9.925,208.425,2019-03-20,1:02:00 PM,Cash,198.5,4.761904762,9.925,9.0,198.5,0.0,2019,3,20,Wednesday
698-98-5964,Alex,Yangon,Normal,Female,Food And Beverages,81.21,10,40.605,852.705,2019-01-17,1:01:00 PM,Credit card,812.1,4.761904762,40.605,6.3,812.0999999999999,1.1368683772161603e-13,2019,1,17,Thursday
718-57-9773,Giza,Naypyitaw,Normal,Female,Sports And Travel,49.33,10,24.665,517.965,2019-02-03,4:40:00 PM,Credit card,493.3,4.761904762,24.665,9.4,493.29999999999995,5.684341886080802e-14,2019,2,3,Sunday
651-88-7328,Alex,Yangon,Normal,Female,Fashion Accessories,65.74,9,29.583,621.243,2019-01-01,1:55:00 PM,Cash,591.66,4.761904762,29.583,7.7,591.66,0.0,2019,1,1,Tuesday
241-11-2261,Cairo,Mandalay,Normal,Female,Fashion Accessories,79.86,7,27.951,586.971,2019-01-10,10:33:00 AM,Credit card,559.02,4.761904762,27.951,5.5,559.02,0.0,2019,1,10,Thursday
408-26-9866,Giza,Naypyitaw,Normal,Female,Sports And Travel,73.98,7,25.893,543.753,2019-03-02,4:42:00 PM,Ewallet,517.86,4.761904762,25.893,4.1,517.86,0.0,2019,3,2,Saturday
834-83-1826,Cairo,Mandalay,Member,Female,Home And Lifestyle,82.04,5,20.51,430.71,2019-02-25,5:16:00 PM,Credit card,410.2,4.761904762,20.51,7.6,410.20000000000005,5.684341886080802e-14,2019,2,25,Monday
343-61-3544,Cairo,Mandalay,Member,Male,Sports And Travel,26.67,10,13.335,280.035,2019-01-29,11:48:00 AM,Cash,266.7,4.761904762,13.335,8.6,266.70000000000005,5.684341886080802e-14,2019,1,29,Tuesday
239-48-4278,Alex,Yangon,Member,Male,Food And Beverages,10.13,7,3.5455,74.4555,2019-03-10,7:35:00 PM,Ewallet,70.91,4.761904762,3.5455,8.3,70.91000000000001,1.4210854715202004e-14,2019,3,10,Sunday
355-34-6244,Cairo,Mandalay,Normal,Male,Food And Beverages,72.39,2,7.239,152.019,2019-01-13,7:55:00 PM,Credit card,144.78,4.761904762,7.239,8.1,144.78,0.0,2019,1,13,Sunday
550-84-8664,Alex,Yangon,Normal,Male,Sports And Travel,85.91,5,21.4775,451.0275,2019-03-22,2:33:00 PM,Credit card,429.55,4.761904762,21.4775,8.6,429.54999999999995,5.684341886080802e-14,2019,3,22,Friday
339-96-8318,Cairo,Mandalay,Member,Male,Fashion Accessories,81.31,7,28.4585,597.6285,2019-03-01,7:49:00 PM,Ewallet,569.17,4.761904762,28.4585,6.3,569.1700000000001,1.1368683772161603e-13,2019,3,1,Friday
458-61-0011,Cairo,Mandalay,Normal,Male,Food And Beverages,60.3,4,12.06,253.26,2019-02-20,6:43:00 PM,Cash,241.2,4.761904762,12.06,5.8,241.2,0.0,2019,2,20,Wednesday
592-34-6155,Giza,Naypyitaw,Normal,Male,Food And Beverages,31.77,4,6.354,133.434,2019-01-14,2:43:00 PM,Ewallet,127.08,4.761904762,6.354,6.2,127.08,0.0,2019,1,14,Monday
797-88-0493,Alex,Yangon,Normal,Female,Health And Beauty,64.27,4,12.854,269.934,2019-03-26,1:54:00 PM,Cash,257.08,4.761904762,12.854,7.7,257.08,0.0,2019,3,26,Tuesday
207-73-1363,Cairo,Mandalay,Normal,Male,Health And Beauty,69.51,2,6.951,145.971,2019-03-01,12:15:00 PM,Ewallet,139.02,4.761904762,6.951,8.1,139.02,0.0,2019,3,1,Friday
390-31-6381,Giza,Naypyitaw,Normal,Male,Food And Beverages,27.22,3,4.083,85.743,2019-01-07,12:37:00 PM,Cash,81.66,4.761904762,4.083,7.3,81.66,0.0,2019,1,7,Monday
443-82-0585,Alex,Yangon,Member,Female,Health And Beauty,77.68,4,15.536,326.256,2019-02-01,7:54:00 PM,Cash,310.72,4.761904762,15.536,8.4,310.72,0.0,2019,2,1,Friday
339-18-7061,Giza,Naypyitaw,Member,Female,Fashion Accessories,92.98,2,9.298,195.258,2019-02-13,3:06:00 PM,Credit card,185.96,4.761904762,9.298,8.0,185.96,0.0,2019,2,13,Wednesday
359-90-3665,Cairo,Mandalay,Member,Female,Fashion Accessories,18.08,4,3.616,75.936,2019-01-14,6:03:00 PM,Credit card,72.32,4.761904762,3.616,9.5,72.32,0.0,2019,1,14,Monday
375-72-3056,Cairo,Mandalay,Normal,Male,Sports And Travel,63.06,3,9.459,198.639,2019-01-19,3:58:00 PM,Ewallet,189.18,4.761904762,9.459,7.0,189.18,0.0,2019,1,19,Saturday
127-47-6963,Alex,Yangon,Normal,Male,Health And Beauty,51.71,4,10.342,217.182,2019-03-09,1:53:00 PM,Credit card,206.84,4.761904762,10.342,9.8,206.84,0.0,2019,3,9,Saturday
278-86-2735,Alex,Yangon,Normal,Female,Food And Beverages,52.34,3,7.851,164.871,2019-03-27,2:03:00 PM,Cash,157.02,4.761904762,7.851,9.2,157.02,0.0,2019,3,27,Wednesday
695-28-6250,Alex,Yangon,Normal,Female,Sports And Travel,43.06,5,10.765,226.065,2019-02-04,4:38:00 PM,Ewallet,215.3,4.761904762,10.765,7.7,215.3,0.0,2019,2,4,Monday
379-17-6588,Giza,Naypyitaw,Normal,Male,Fashion Accessories,59.61,10,29.805,625.905,2019-03-14,11:07:00 AM,Cash,596.1,4.761904762,29.805,5.3,596.1,0.0,2019,3,14,Thursday
227-50-3718,Alex,Yangon,Normal,Male,Health And Beauty,14.62,5,3.655,76.755,2019-03-04,12:23:00 PM,Cash,73.1,4.761904762,3.655,4.4,73.1,0.0,2019,3,4,Monday
302-15-2162,Giza,Naypyitaw,Member,Male,Health And Beauty,46.53,6,13.959,293.139,2019-03-03,10:54:00 AM,Credit card,279.18,4.761904762,13.959,4.3,279.18,0.0,2019,3,3,Sunday
788-07-8452,Giza,Naypyitaw,Member,Female,Home And Lifestyle,24.24,7,8.484,178.164,2019-01-27,5:38:00 PM,Ewallet,169.68,4.761904762,8.484,9.4,169.67999999999998,2.842170943040401e-14,2019,1,27,Sunday
560-49-6611,Alex,Yangon,Member,Female,Sports And Travel,45.58,1,2.279,47.859,2019-02-07,2:13:00 PM,Cash,45.58,4.761904762,2.279,9.8,45.58,0.0,2019,2,7,Thursday
880-35-0356,Alex,Yangon,Member,Female,Sports And Travel,75.2,3,11.28,236.88,2019-02-05,11:51:00 AM,Ewallet,225.6,4.761904762,11.28,4.8,225.60000000000002,2.842170943040401e-14,2019,2,5,Tuesday
585-11-6748,Cairo,Mandalay,Member,Male,Sports And Travel,96.8,3,14.52,304.92,2019-03-15,1:05:00 PM,Cash,290.4,4.761904762,14.52,5.3,290.4,0.0,2019,3,15,Friday
470-31-3286,Cairo,Mandalay,Normal,Male,Health And Beauty,14.82,3,2.223,46.683,2019-03-01,11:30:00 AM,Credit card,44.46,4.761904762,2.223,8.7,44.46,0.0,2019,3,1,Friday
152-68-2907,Alex,Yangon,Normal,Male,Food And Beverages,52.2,3,7.83,164.43,2019-02-15,1:30:00 PM,Credit card,156.6,4.761904762,7.83,9.5,156.60000000000002,2.842170943040401e-14,2019,2,15,Friday
123-35-4896,Giza,Naypyitaw,Normal,Female,Sports And Travel,46.66,9,20.997,440.937,2019-02-17,7:11:00 PM,Ewallet,419.94,4.761904762,20.997,5.3,419.93999999999994,5.684341886080802e-14,2019,2,17,Sunday
258-69-7810,Giza,Naypyitaw,Normal,Female,Fashion Accessories,36.85,5,9.2125,193.4625,2019-01-26,6:53:00 PM,Cash,184.25,4.761904762,9.2125,9.2,184.25,0.0,2019,1,26,Saturday
334-64-2006,Alex,Yangon,Member,Female,Home And Lifestyle,70.32,2,7.032,147.672,2019-03-24,2:22:00 PM,Ewallet,140.64,4.761904762,7.032,9.6,140.64,0.0,2019,3,24,Sunday
219-61-4139,Giza,Naypyitaw,Normal,Male,Electronic Accessories,83.08,1,4.154,87.234,2019-01-23,5:16:00 PM,Ewallet,83.08,4.761904762,4.154,6.4,83.08,0.0,2019,1,23,Wednesday
881-41-7302,Giza,Naypyitaw,Normal,Female,Fashion Accessories,64.99,1,3.2495,68.2395,2019-01-26,10:06:00 AM,Credit card,64.99,4.761904762,3.2495,4.5,64.99,0.0,2019,1,26,Saturday
373-09-4567,Giza,Naypyitaw,Normal,Male,Food And Beverages,77.56,10,38.78,814.38,2019-03-14,8:35:00 PM,Ewallet,775.6,4.761904762,38.78,6.9,775.6,0.0,2019,3,14,Thursday
642-30-6693,Cairo,Mandalay,Normal,Female,Sports And Travel,54.51,6,16.353,343.413,2019-03-17,1:54:00 PM,Ewallet,327.06,4.761904762,16.353,7.8,327.06,0.0,2019,3,17,Sunday
484-22-8230,Giza,Naypyitaw,Member,Female,Fashion Accessories,51.89,7,18.1615,381.3915,2019-01-08,8:08:00 PM,Cash,363.23,4.761904762,18.1615,4.5,363.23,0.0,2019,1,8,Tuesday
830-58-2383,Cairo,Mandalay,Normal,Male,Home And Lifestyle,31.75,4,6.35,133.35,2019-02-08,3:26:00 PM,Cash,127.0,4.761904762,6.35,8.6,127.0,0.0,2019,2,8,Friday
559-98-9873,Alex,Yangon,Member,Female,Fashion Accessories,53.65,7,18.7775,394.3275,2019-02-10,12:56:00 PM,Ewallet,375.55,4.761904762,18.7775,5.2,375.55,0.0,2019,2,10,Sunday
544-32-5024,Giza,Naypyitaw,Member,Female,Food And Beverages,49.79,4,9.958,209.118,2019-03-28,7:16:00 PM,Credit card,199.16,4.761904762,9.958,6.4,199.16,0.0,2019,3,28,Thursday
318-12-0304,Alex,Yangon,Normal,Male,Fashion Accessories,30.61,1,1.5305,32.1405,2019-01-23,12:20:00 PM,Ewallet,30.61,4.761904762,1.5305,5.2,30.61,0.0,2019,1,23,Wednesday
349-97-8902,Cairo,Mandalay,Member,Male,Food And Beverages,57.89,2,5.789,121.569,2019-01-17,10:37:00 AM,Ewallet,115.78,4.761904762,5.789,8.9,115.78,0.0,2019,1,17,Thursday
421-95-9805,Alex,Yangon,Normal,Female,Electronic Accessories,28.96,1,1.448,30.408,2019-02-07,10:18:00 AM,Credit card,28.96,4.761904762,1.448,6.2,28.96,0.0,2019,2,7,Thursday
277-35-5865,Giza,Naypyitaw,Member,Female,Food And Beverages,98.97,9,44.5365,935.2665,2019-03-09,11:23:00 AM,Cash,890.73,4.761904762,44.5365,6.7,890.73,0.0,2019,3,9,Saturday
789-23-8625,Cairo,Mandalay,Member,Male,Fashion Accessories,93.22,3,13.983,293.643,2019-01-24,11:45:00 AM,Cash,279.66,4.761904762,13.983,7.2,279.65999999999997,5.684341886080802e-14,2019,1,24,Thursday
284-54-4231,Giza,Naypyitaw,Member,Male,Sports And Travel,80.93,1,4.0465,84.9765,2019-01-19,4:08:00 PM,Credit card,80.93,4.761904762,4.0465,9.0,80.93,0.0,2019,1,19,Saturday
443-59-0061,Alex,Yangon,Member,Male,Food And Beverages,67.45,10,33.725,708.225,2019-02-03,11:25:00 AM,Ewallet,674.5,4.761904762,33.725,4.2,674.5,0.0,2019,2,3,Sunday
509-29-3912,Alex,Yangon,Member,Female,Sports And Travel,38.72,9,17.424,365.904,2019-03-20,12:24:00 PM,Ewallet,348.48,4.761904762,17.424,4.2,348.48,0.0,2019,3,20,Wednesday
327-40-9673,Cairo,Mandalay,Member,Male,Sports And Travel,72.6,6,21.78,457.38,2019-01-13,7:51:00 PM,Cash,435.6,4.761904762,21.78,6.9,435.59999999999997,5.684341886080802e-14,2019,1,13,Sunday
840-19-2096,Giza,Naypyitaw,Member,Male,Electronic Accessories,87.91,5,21.9775,461.5275,2019-03-14,6:10:00 PM,Ewallet,439.55,4.761904762,21.9775,4.4,439.54999999999995,5.684341886080802e-14,2019,3,14,Thursday
828-46-6863,Alex,Yangon,Member,Male,Food And Beverages,98.53,6,29.559,620.739,2019-01-23,11:22:00 AM,Credit card,591.18,4.761904762,29.559,4.0,591.1800000000001,1.1368683772161603e-13,2019,1,23,Wednesday
641-96-3695,Giza,Naypyitaw,Member,Female,Fashion Accessories,43.46,6,13.038,273.798,2019-02-07,5:55:00 PM,Ewallet,260.76,4.761904762,13.038,8.5,260.76,0.0,2019,2,7,Thursday
420-97-3340,Alex,Yangon,Normal,Female,Food And Beverages,71.68,3,10.752,225.792,2019-03-28,3:30:00 PM,Credit card,215.04,4.761904762,10.752,9.2,215.04000000000002,2.842170943040401e-14,2019,3,28,Thursday
436-54-4512,Alex,Yangon,Member,Female,Food And Beverages,91.61,1,4.5805,96.1905,2019-03-20,7:44:00 PM,Cash,91.61,4.761904762,4.5805,9.8,91.61,0.0,2019,3,20,Wednesday
670-79-6321,Cairo,Mandalay,Member,Female,Home And Lifestyle,94.59,7,33.1065,695.2365,2019-01-17,3:27:00 PM,Credit card,662.13,4.761904762,33.1065,4.9,662.13,0.0,2019,1,17,Thursday
852-62-7105,Cairo,Mandalay,Normal,Female,Fashion Accessories,83.25,10,41.625,874.125,2019-01-12,11:25:00 AM,Credit card,832.5,4.761904762,41.625,4.4,832.5,0.0,2019,1,12,Saturday
598-06-7312,Cairo,Mandalay,Member,Male,Fashion Accessories,91.35,1,4.5675,95.9175,2019-02-16,3:42:00 PM,Cash,91.35,4.761904762,4.5675,6.8,91.35,0.0,2019,2,16,Saturday
135-13-8269,Cairo,Mandalay,Member,Female,Food And Beverages,78.88,2,7.888,165.648,2019-01-26,4:04:00 PM,Cash,157.76,4.761904762,7.888,9.1,157.76,0.0,2019,1,26,Saturday
816-57-2053,Alex,Yangon,Normal,Male,Sports And Travel,60.87,2,6.087,127.827,2019-03-09,12:37:00 PM,Ewallet,121.74,4.761904762,6.087,8.7,121.74,0.0,2019,3,9,Saturday
628-90-8624,Cairo,Mandalay,Member,Male,Health And Beauty,82.58,10,41.29,867.09,2019-03-14,2:41:00 PM,Cash,825.8,4.761904762,41.29,5.0,825.8,0.0,2019,3,14,Thursday
856-66-2701,Alex,Yangon,Member,Male,Home And Lifestyle,53.3,3,7.995,167.895,2019-01-25,2:19:00 PM,Ewallet,159.9,4.761904762,7.995,7.5,159.89999999999998,2.842170943040401e-14,2019,1,25,Friday
308-39-1707,Alex,Yangon,Normal,Female,Fashion Accessories,12.09,1,0.6045,12.6945,2019-01-26,6:19:00 PM,Credit card,12.09,4.761904762,0.6045,8.2,12.09,0.0,2019,1,26,Saturday
149-61-1929,Alex,Yangon,Normal,Male,Sports And Travel,64.19,10,32.095,673.995,2019-01-19,2:08:00 PM,Credit card,641.9,4.761904762,32.095,6.7,641.9,0.0,2019,1,19,Saturday
655-07-2265,Alex,Yangon,Normal,Male,Electronic Accessories,78.31,3,11.7465,246.6765,2019-03-05,4:38:00 PM,Ewallet,234.93,4.761904762,11.7465,5.4,234.93,0.0,2019,3,5,Tuesday
589-02-8023,Alex,Yangon,Member,Male,Food And Beverages,83.77,2,8.377,175.917,2019-01-15,10:54:00 AM,Credit card,167.54,4.761904762,8.377,7.0,167.54,0.0,2019,1,15,Tuesday
420-04-7590,Cairo,Mandalay,Normal,Male,Home And Lifestyle,99.7,3,14.955,314.055,2019-03-18,11:29:00 AM,Ewallet,299.1,4.761904762,14.955,4.7,299.1,0.0,2019,3,18,Monday
182-88-2763,Cairo,Mandalay,Member,Male,Food And Beverages,79.91,3,11.9865,251.7165,2019-03-20,7:28:00 PM,Credit card,239.73,4.761904762,11.9865,5.0,239.73,0.0,2019,3,20,Wednesday
188-55-0967,Cairo,Mandalay,Member,Male,Health And Beauty,66.47,10,33.235,697.935,2019-01-15,3:01:00 PM,Credit card,664.7,4.761904762,33.235,5.0,664.7,0.0,2019,1,15,Tuesday
610-46-4100,Alex,Yangon,Normal,Male,Health And Beauty,28.95,7,10.1325,212.7825,2019-03-03,8:31:00 PM,Credit card,202.65,4.761904762,10.1325,6.0,202.65,0.0,2019,3,3,Sunday
318-81-2368,Giza,Naypyitaw,Normal,Female,Electronic Accessories,46.2,1,2.31,48.51,2019-03-19,12:16:00 PM,Cash,46.2,4.761904762,2.31,6.3,46.2,0.0,2019,3,19,Tuesday
364-33-8584,Cairo,Mandalay,Member,Female,Food And Beverages,17.63,5,4.4075,92.5575,2019-03-08,3:27:00 PM,Cash,88.15,4.761904762,4.4075,8.5,88.14999999999999,1.4210854715202004e-14,2019,3,8,Friday
665-63-9737,Cairo,Mandalay,Normal,Male,Fashion Accessories,52.42,3,7.863,165.123,2019-02-27,5:36:00 PM,Ewallet,157.26,4.761904762,7.863,7.5,157.26,0.0,2019,2,27,Wednesday
695-09-5146,Cairo,Mandalay,Member,Female,Food And Beverages,98.79,3,14.8185,311.1885,2019-02-23,8:00:00 PM,Ewallet,296.37,4.761904762,14.8185,6.4,296.37,0.0,2019,2,23,Saturday
155-45-3814,Giza,Naypyitaw,Member,Female,Electronic Accessories,88.55,8,35.42,743.82,2019-03-19,3:29:00 PM,Ewallet,708.4,4.761904762,35.42,4.7,708.4,0.0,2019,3,19,Tuesday
794-32-2436,Cairo,Mandalay,Member,Male,Electronic Accessories,55.67,2,5.567,116.907,2019-03-27,3:08:00 PM,Ewallet,111.34,4.761904762,5.567,6.0,111.34,0.0,2019,3,27,Wednesday
131-15-8856,Giza,Naypyitaw,Member,Female,Food And Beverages,72.52,8,29.008,609.168,2019-03-30,7:26:00 PM,Credit card,580.16,4.761904762,29.008,4.0,580.16,0.0,2019,3,30,Saturday
273-84-2164,Giza,Naypyitaw,Member,Male,Electronic Accessories,12.05,5,3.0125,63.2625,2019-02-16,3:53:00 PM,Ewallet,60.25,4.761904762,3.0125,5.5,60.25,0.0,2019,2,16,Saturday
706-36-6154,Alex,Yangon,Member,Male,Home And Lifestyle,19.36,9,8.712,182.952,2019-01-18,6:43:00 PM,Ewallet,174.24,4.761904762,8.712,8.7,174.24,0.0,2019,1,18,Friday
778-89-7974,Giza,Naypyitaw,Normal,Male,Health And Beauty,70.21,6,21.063,442.323,2019-03-30,2:58:00 PM,Cash,421.26,4.761904762,21.063,7.4,421.26,0.0,2019,3,30,Saturday
574-31-8277,Cairo,Mandalay,Member,Male,Fashion Accessories,33.63,1,1.6815,35.3115,2019-03-20,7:55:00 PM,Cash,33.63,4.761904762,1.6815,5.6,33.63,0.0,2019,3,20,Wednesday
859-71-0933,Giza,Naypyitaw,Member,Female,Sports And Travel,15.49,2,1.549,32.529,2019-01-16,3:10:00 PM,Cash,30.98,4.761904762,1.549,6.3,30.98,0.0,2019,1,16,Wednesday
740-11-5257,Giza,Naypyitaw,Normal,Male,Electronic Accessories,24.74,10,12.37,259.77,2019-02-24,4:44:00 PM,Cash,247.4,4.761904762,12.37,7.1,247.39999999999998,2.842170943040401e-14,2019,2,24,Sunday
369-82-2676,Cairo,Mandalay,Normal,Male,Electronic Accessories,75.66,5,18.915,397.215,2019-01-15,6:22:00 PM,Ewallet,378.3,4.761904762,18.915,7.8,378.29999999999995,5.684341886080802e-14,2019,1,15,Tuesday
563-47-4072,Cairo,Mandalay,Normal,Female,Health And Beauty,55.81,6,16.743,351.603,2019-01-22,11:52:00 AM,Cash,334.86,4.761904762,16.743,9.9,334.86,0.0,2019,1,22,Tuesday
742-04-5161,Alex,Yangon,Member,Male,Home And Lifestyle,72.78,10,36.39,764.19,2019-02-03,5:24:00 PM,Cash,727.8,4.761904762,36.39,7.3,727.8,0.0,2019,2,3,Sunday
149-15-7606,Cairo,Mandalay,Member,Male,Sports And Travel,37.32,9,16.794,352.674,2019-03-06,3:31:00 PM,Ewallet,335.88,4.761904762,16.794,5.1,335.88,0.0,2019,3,6,Wednesday
133-77-3154,Cairo,Mandalay,Member,Male,Fashion Accessories,60.18,4,12.036,252.756,2019-02-16,6:04:00 PM,Credit card,240.72,4.761904762,12.036,9.4,240.72,0.0,2019,2,16,Saturday
169-52-4504,Alex,Yangon,Normal,Female,Electronic Accessories,15.69,3,2.3535,49.4235,2019-03-14,2:13:00 PM,Credit card,47.07,4.761904762,2.3535,5.8,47.07,0.0,2019,3,14,Thursday
250-81-7186,Giza,Naypyitaw,Normal,Female,Electronic Accessories,99.69,1,4.9845,104.6745,2019-02-27,10:23:00 AM,Credit card,99.69,4.761904762,4.9845,8.0,99.69,0.0,2019,2,27,Wednesday
562-12-5430,Alex,Yangon,Member,Female,Fashion Accessories,88.15,3,13.2225,277.6725,2019-01-18,10:11:00 AM,Ewallet,264.45,4.761904762,13.2225,7.9,264.45000000000005,5.684341886080802e-14,2019,1,18,Friday
816-72-8853,Alex,Yangon,Member,Female,Sports And Travel,27.93,5,6.9825,146.6325,2019-01-29,3:48:00 PM,Cash,139.65,4.761904762,6.9825,5.9,139.65,0.0,2019,1,29,Tuesday
491-38-3499,Alex,Yangon,Member,Male,Fashion Accessories,55.45,1,2.7725,58.2225,2019-02-26,5:46:00 PM,Credit card,55.45,4.761904762,2.7725,4.9,55.45,0.0,2019,2,26,Tuesday
322-02-2271,Cairo,Mandalay,Normal,Female,Sports And Travel,42.97,3,6.4455,135.3555,2019-02-03,11:46:00 AM,Cash,128.91,4.761904762,6.4455,9.3,128.91,0.0,2019,2,3,Sunday
842-29-4695,Giza,Naypyitaw,Member,Male,Sports And Travel,17.14,7,5.999,125.979,2019-01-16,12:07:00 PM,Credit card,119.98,4.761904762,5.999,7.9,119.98,0.0,2019,1,16,Wednesday
725-67-2480,Cairo,Mandalay,Member,Female,Fashion Accessories,58.75,6,17.625,370.125,2019-03-24,6:14:00 PM,Credit card,352.5,4.761904762,17.625,5.9,352.5,0.0,2019,3,24,Sunday
641-51-2661,Giza,Naypyitaw,Member,Female,Food And Beverages,87.1,10,43.55,914.55,2019-02-12,2:45:00 PM,Credit card,871.0,4.761904762,43.55,9.9,871.0,0.0,2019,2,12,Tuesday
714-02-3114,Giza,Naypyitaw,Normal,Female,Sports And Travel,98.8,2,9.88,207.48,2019-02-21,11:39:00 AM,Cash,197.6,4.761904762,9.88,7.7,197.6,0.0,2019,2,21,Thursday
518-17-2983,Alex,Yangon,Normal,Female,Fashion Accessories,48.63,4,9.726,204.246,2019-02-04,3:44:00 PM,Ewallet,194.52,4.761904762,9.726,7.6,194.52,0.0,2019,2,4,Monday
779-42-2410,Cairo,Mandalay,Member,Male,Food And Beverages,57.74,3,8.661,181.881,2019-02-20,1:06:00 PM,Ewallet,173.22,4.761904762,8.661,7.7,173.22,0.0,2019,2,20,Wednesday
190-14-3147,Cairo,Mandalay,Normal,Female,Health And Beauty,17.97,4,3.594,75.474,2019-02-23,8:43:00 PM,Ewallet,71.88,4.761904762,3.594,6.4,71.88,0.0,2019,2,23,Saturday
408-66-6712,Giza,Naypyitaw,Member,Female,Health And Beauty,47.71,6,14.313,300.573,2019-02-16,2:19:00 PM,Ewallet,286.26,4.761904762,14.313,4.4,286.26,0.0,2019,2,16,Saturday
679-22-6530,Cairo,Mandalay,Normal,Female,Sports And Travel,40.62,2,4.062,85.302,2019-01-17,10:01:00 AM,Credit card,81.24,4.761904762,4.062,4.1,81.24,0.0,2019,1,17,Thursday
588-47-8641,Alex,Yangon,Member,Male,Fashion Accessories,56.04,10,28.02,588.42,2019-01-14,7:30:00 PM,Ewallet,560.4,4.761904762,28.02,4.4,560.4,0.0,2019,1,14,Monday
642-61-4706,Cairo,Mandalay,Member,Male,Food And Beverages,93.4,2,9.34,196.14,2019-03-30,4:34:00 PM,Cash,186.8,4.761904762,9.34,5.5,186.8,0.0,2019,3,30,Saturday
576-31-4774,Cairo,Mandalay,Normal,Female,Health And Beauty,73.41,3,11.0115,231.2415,2019-03-02,1:10:00 PM,Ewallet,220.23,4.761904762,11.0115,4.0,220.23,0.0,2019,3,2,Saturday
556-41-6224,Giza,Naypyitaw,Normal,Male,Health And Beauty,33.64,8,13.456,282.576,2019-02-15,5:10:00 PM,Credit card,269.12,4.761904762,13.456,9.3,269.12,0.0,2019,2,15,Friday
811-03-8790,Alex,Yangon,Normal,Female,Electronic Accessories,45.48,10,22.74,477.54,2019-03-01,10:22:00 AM,Credit card,454.8,4.761904762,22.74,4.8,454.79999999999995,5.684341886080802e-14,2019,3,1,Friday
242-11-3142,Cairo,Mandalay,Member,Male,Fashion Accessories,83.77,2,8.377,175.917,2019-02-24,7:57:00 PM,Cash,167.54,4.761904762,8.377,4.6,167.54,0.0,2019,2,24,Sunday
752-23-3760,Cairo,Mandalay,Member,Female,Sports And Travel,64.08,7,22.428,470.988,2019-02-19,7:29:00 PM,Credit card,448.56,4.761904762,22.428,7.3,448.56,0.0,2019,2,19,Tuesday
274-05-5470,Alex,Yangon,Member,Female,Food And Beverages,73.47,4,14.694,308.574,2019-02-23,6:30:00 PM,Cash,293.88,4.761904762,14.694,6.0,293.88,0.0,2019,2,23,Saturday
648-94-3045,Giza,Naypyitaw,Normal,Male,Health And Beauty,58.95,10,29.475,618.975,2019-02-07,2:27:00 PM,Ewallet,589.5,4.761904762,29.475,8.1,589.5,0.0,2019,2,7,Thursday
130-67-4723,Alex,Yangon,Member,Male,Food And Beverages,48.5,6,14.55,305.55,2019-01-11,1:57:00 PM,Ewallet,291.0,4.761904762,14.55,9.4,291.0,0.0,2019,1,11,Friday
528-87-5606,Cairo,Mandalay,Member,Female,Electronic Accessories,39.48,1,1.974,41.454,2019-02-12,7:43:00 PM,Cash,39.48,4.761904762,1.974,6.5,39.48,0.0,2019,2,12,Tuesday
320-85-2052,Cairo,Mandalay,Normal,Female,Sports And Travel,34.81,1,1.7405,36.5505,2019-01-14,10:11:00 AM,Credit card,34.81,4.761904762,1.7405,7.0,34.81,0.0,2019,1,14,Monday
370-96-0655,Giza,Naypyitaw,Normal,Female,Fashion Accessories,49.32,6,14.796,310.716,2019-01-09,1:46:00 PM,Ewallet,295.92,4.761904762,14.796,7.1,295.92,0.0,2019,1,9,Wednesday
105-10-6182,Alex,Yangon,Member,Male,Fashion Accessories,21.48,2,2.148,45.108,2019-02-27,12:22:00 PM,Ewallet,42.96,4.761904762,2.148,6.6,42.96,0.0,2019,2,27,Wednesday
510-79-0415,Cairo,Mandalay,Member,Female,Sports And Travel,23.08,6,6.924,145.404,2019-01-24,7:20:00 PM,Ewallet,138.48,4.761904762,6.924,4.9,138.48,0.0,2019,1,24,Thursday
241-96-5076,Cairo,Mandalay,Member,Female,Home And Lifestyle,49.1,2,4.91,103.11,2019-01-08,12:58:00 PM,Credit card,98.2,4.761904762,4.91,6.4,98.2,0.0,2019,1,8,Tuesday
767-97-4650,Cairo,Mandalay,Member,Female,Sports And Travel,64.83,2,6.483,136.143,2019-01-08,11:59:00 AM,Credit card,129.66,4.761904762,6.483,8.0,129.66,0.0,2019,1,8,Tuesday
648-83-1321,Alex,Yangon,Member,Male,Home And Lifestyle,63.56,10,31.78,667.38,2019-01-16,5:59:00 PM,Cash,635.6,4.761904762,31.78,4.3,635.6,0.0,2019,1,16,Wednesday
173-57-2300,Giza,Naypyitaw,Member,Male,Sports And Travel,72.88,2,7.288,153.048,2019-03-13,12:51:00 PM,Cash,145.76,4.761904762,7.288,6.1,145.76,0.0,2019,3,13,Wednesday
305-03-2383,Alex,Yangon,Normal,Female,Food And Beverages,67.1,3,10.065,211.365,2019-02-15,10:36:00 AM,Cash,201.3,4.761904762,10.065,7.5,201.29999999999998,2.842170943040401e-14,2019,2,15,Friday
394-55-6384,Giza,Naypyitaw,Member,Female,Sports And Travel,70.19,9,31.5855,663.2955,2019-01-25,1:38:00 PM,Cash,631.71,4.761904762,31.5855,6.7,631.71,0.0,2019,1,25,Friday
266-20-6657,Giza,Naypyitaw,Member,Male,Food And Beverages,55.04,7,19.264,404.544,2019-03-12,7:39:00 PM,Ewallet,385.28,4.761904762,19.264,5.2,385.28,0.0,2019,3,12,Tuesday
689-05-1884,Alex,Yangon,Member,Male,Health And Beauty,48.63,10,24.315,510.615,2019-03-04,12:44:00 PM,Cash,486.3,4.761904762,24.315,8.8,486.3,0.0,2019,3,4,Monday
196-01-2849,Giza,Naypyitaw,Member,Female,Fashion Accessories,73.38,7,25.683,539.343,2019-02-10,1:56:00 PM,Cash,513.66,4.761904762,25.683,9.5,513.66,0.0,2019,2,10,Sunday
372-62-5264,Giza,Naypyitaw,Normal,Female,Food And Beverages,52.6,9,23.67,497.07,2019-01-16,2:42:00 PM,Cash,473.4,4.761904762,23.67,7.6,473.40000000000003,5.684341886080802e-14,2019,1,16,Wednesday
800-09-8606,Alex,Yangon,Member,Female,Home And Lifestyle,87.37,5,21.8425,458.6925,2019-01-29,7:45:00 PM,Cash,436.85,4.761904762,21.8425,6.6,436.85,0.0,2019,1,29,Tuesday
182-52-7000,Alex,Yangon,Member,Female,Sports And Travel,27.04,4,5.408,113.568,2019-01-01,8:26:00 PM,Ewallet,108.16,4.761904762,5.408,6.9,108.16,0.0,2019,1,1,Tuesday
826-58-8051,Cairo,Mandalay,Normal,Male,Home And Lifestyle,62.19,4,12.438,261.198,2019-01-06,7:46:00 PM,Ewallet,248.76,4.761904762,12.438,4.3,248.76,0.0,2019,1,6,Sunday
868-06-0466,Alex,Yangon,Member,Male,Electronic Accessories,69.58,9,31.311,657.531,2019-02-19,7:38:00 PM,Credit card,626.22,4.761904762,31.311,7.8,626.22,0.0,2019,2,19,Tuesday
751-41-9720,Giza,Naypyitaw,Normal,Male,Home And Lifestyle,97.5,10,48.75,1023.75,2019-01-12,4:18:00 PM,Ewallet,975.0,4.761904762,48.75,8.0,975.0,0.0,2019,1,12,Saturday
626-43-7888,Giza,Naypyitaw,Normal,Female,Fashion Accessories,60.41,8,24.164,507.444,2019-02-07,12:23:00 PM,Ewallet,483.28,4.761904762,24.164,9.6,483.28,0.0,2019,2,7,Thursday
176-64-7711,Cairo,Mandalay,Normal,Male,Food And Beverages,32.32,3,4.848,101.808,2019-03-27,7:11:00 PM,Credit card,96.96,4.761904762,4.848,4.3,96.96000000000001,1.4210854715202004e-14,2019,3,27,Wednesday
191-29-0321,Cairo,Mandalay,Member,Female,Fashion Accessories,19.77,10,9.885,207.585,2019-02-27,6:57:00 PM,Credit card,197.7,4.761904762,9.885,5.0,197.7,0.0,2019,2,27,Wednesday
729-06-2010,Cairo,Mandalay,Member,Male,Health And Beauty,80.47,9,36.2115,760.4415,2019-01-06,11:18:00 AM,Cash,724.23,4.761904762,36.2115,9.2,724.23,0.0,2019,1,6,Sunday
640-48-5028,Cairo,Mandalay,Member,Female,Home And Lifestyle,88.39,9,39.7755,835.2855,2019-03-02,12:40:00 PM,Cash,795.51,4.761904762,39.7755,6.3,795.51,0.0,2019,3,2,Saturday
186-79-9562,Cairo,Mandalay,Normal,Male,Health And Beauty,71.77,7,25.1195,527.5095,2019-03-29,2:06:00 PM,Cash,502.39,4.761904762,25.1195,8.9,502.39,0.0,2019,3,29,Friday
834-45-5519,Cairo,Mandalay,Normal,Female,Electronic Accessories,43.0,4,8.6,180.6,2019-01-31,8:48:00 PM,Ewallet,172.0,4.761904762,8.6,7.6,172.0,0.0,2019,1,31,Thursday
162-65-8559,Giza,Naypyitaw,Member,Male,Food And Beverages,68.98,1,3.449,72.429,2019-01-21,8:13:00 PM,Cash,68.98,4.761904762,3.449,4.8,68.98,0.0,2019,1,21,Monday
760-27-5490,Giza,Naypyitaw,Normal,Male,Fashion Accessories,15.62,8,6.248,131.208,2019-01-20,8:37:00 PM,Ewallet,124.96,4.761904762,6.248,9.1,124.96,0.0,2019,1,20,Sunday
445-30-9252,Alex,Yangon,Normal,Male,Sports And Travel,25.7,3,3.855,80.955,2019-01-17,5:59:00 PM,Ewallet,77.1,4.761904762,3.855,6.1,77.1,0.0,2019,1,17,Thursday
786-94-2700,Alex,Yangon,Member,Male,Food And Beverages,80.62,6,24.186,507.906,2019-02-28,8:18:00 PM,Cash,483.72,4.761904762,24.186,9.1,483.72,0.0,2019,2,28,Thursday
728-88-7867,Giza,Naypyitaw,Member,Female,Home And Lifestyle,75.53,4,15.106,317.226,2019-03-19,3:52:00 PM,Ewallet,302.12,4.761904762,15.106,8.3,302.12,0.0,2019,3,19,Tuesday
183-21-3799,Giza,Naypyitaw,Normal,Female,Electronic Accessories,77.63,9,34.9335,733.6035,2019-02-19,3:14:00 PM,Ewallet,698.67,4.761904762,34.9335,7.2,698.67,0.0,2019,2,19,Tuesday
268-20-3585,Giza,Naypyitaw,Normal,Female,Health And Beauty,13.85,9,6.2325,130.8825,2019-02-04,12:50:00 PM,Ewallet,124.65,4.761904762,6.2325,6.0,124.64999999999999,1.4210854715202004e-14,2019,2,4,Monday
735-32-9839,Giza,Naypyitaw,Member,Male,Fashion Accessories,98.7,8,39.48,829.08,2019-01-31,10:36:00 AM,Ewallet,789.6,4.761904762,39.48,8.5,789.6,0.0,2019,1,31,Thursday
258-92-7466,Alex,Yangon,Normal,Female,Health And Beauty,35.68,5,8.92,187.32,2019-02-06,6:33:00 PM,Credit card,178.4,4.761904762,8.92,6.6,178.4,0.0,2019,2,6,Wednesday
857-16-3520,Alex,Yangon,Member,Female,Fashion Accessories,71.46,7,25.011,525.231,2019-03-28,4:06:00 PM,Ewallet,500.22,4.761904762,25.011,4.5,500.21999999999997,5.684341886080802e-14,2019,3,28,Thursday
482-17-1179,Alex,Yangon,Member,Male,Electronic Accessories,11.94,3,1.791,37.611,2019-01-19,12:47:00 PM,Credit card,35.82,4.761904762,1.791,8.1,35.82,0.0,2019,1,19,Saturday
788-21-5741,Alex,Yangon,Normal,Male,Fashion Accessories,45.38,3,6.807,142.947,2019-02-17,1:34:00 PM,Credit card,136.14,4.761904762,6.807,7.2,136.14000000000001,2.842170943040401e-14,2019,2,17,Sunday
821-14-9046,Cairo,Mandalay,Member,Female,Fashion Accessories,17.48,6,5.244,110.124,2019-01-18,3:04:00 PM,Credit card,104.88,4.761904762,5.244,6.1,104.88,0.0,2019,1,18,Friday
418-05-0656,Cairo,Mandalay,Normal,Female,Fashion Accessories,25.56,7,8.946,187.866,2019-02-02,8:42:00 PM,Cash,178.92,4.761904762,8.946,7.1,178.92,0.0,2019,2,2,Saturday
678-79-0726,Giza,Naypyitaw,Member,Female,Sports And Travel,90.63,9,40.7835,856.4535,2019-01-18,3:28:00 PM,Cash,815.67,4.761904762,40.7835,5.1,815.67,0.0,2019,1,18,Friday
776-68-1096,Cairo,Mandalay,Normal,Male,Home And Lifestyle,44.12,3,6.618,138.978,2019-03-18,1:45:00 PM,Credit card,132.36,4.761904762,6.618,7.9,132.35999999999999,2.842170943040401e-14,2019,3,18,Monday
592-46-1692,Giza,Naypyitaw,Member,Female,Food And Beverages,36.77,7,12.8695,270.2595,2019-01-11,8:10:00 PM,Cash,257.39,4.761904762,12.8695,7.4,257.39000000000004,5.684341886080802e-14,2019,1,11,Friday
434-35-9162,Cairo,Mandalay,Member,Male,Food And Beverages,23.34,4,4.668,98.028,2019-02-04,6:53:00 PM,Ewallet,93.36,4.761904762,4.668,7.4,93.36,0.0,2019,2,4,Monday
149-14-0304,Giza,Naypyitaw,Member,Female,Health And Beauty,28.5,8,11.4,239.4,2019-02-06,2:24:00 PM,Cash,228.0,4.761904762,11.4,6.6,228.0,0.0,2019,2,6,Wednesday
442-44-6497,Giza,Naypyitaw,Member,Male,Home And Lifestyle,55.57,3,8.3355,175.0455,2019-01-08,11:42:00 AM,Credit card,166.71,4.761904762,8.3355,5.9,166.71,0.0,2019,1,8,Tuesday
174-64-0215,Cairo,Mandalay,Normal,Male,Sports And Travel,69.74,10,34.87,732.27,2019-03-05,5:49:00 PM,Credit card,697.4,4.761904762,34.87,8.9,697.4,0.0,2019,3,5,Tuesday
210-74-9613,Giza,Naypyitaw,Normal,Male,Fashion Accessories,97.26,4,19.452,408.492,2019-03-16,3:33:00 PM,Ewallet,389.04,4.761904762,19.452,6.8,389.04,0.0,2019,3,16,Saturday
299-29-0180,Cairo,Mandalay,Member,Female,Home And Lifestyle,52.18,7,18.263,383.523,2019-03-09,10:54:00 AM,Cash,365.26,4.761904762,18.263,9.3,365.26,0.0,2019,3,9,Saturday
247-11-2470,Alex,Yangon,Member,Female,Fashion Accessories,22.32,4,4.464,93.744,2019-03-01,4:23:00 PM,Credit card,89.28,4.761904762,4.464,4.4,89.28,0.0,2019,3,1,Friday
635-28-5728,Alex,Yangon,Normal,Male,Health And Beauty,56.0,3,8.4,176.4,2019-02-28,7:33:00 PM,Ewallet,168.0,4.761904762,8.4,4.8,168.0,0.0,2019,2,28,Thursday
756-49-0168,Alex,Yangon,Member,Male,Fashion Accessories,19.7,1,0.985,20.685,2019-02-08,11:39:00 AM,Ewallet,19.7,4.761904762,0.985,9.5,19.7,0.0,2019,2,8,Friday
438-23-1242,Cairo,Mandalay,Normal,Male,Electronic Accessories,75.88,7,26.558,557.718,2019-01-24,10:38:00 AM,Ewallet,531.16,4.761904762,26.558,8.9,531.16,0.0,2019,1,24,Thursday
238-45-6950,Cairo,Mandalay,Member,Male,Food And Beverages,53.72,1,2.686,56.406,2019-03-01,8:03:00 PM,Ewallet,53.72,4.761904762,2.686,6.4,53.72,0.0,2019,3,1,Friday
607-65-2441,Giza,Naypyitaw,Member,Male,Health And Beauty,81.95,10,40.975,860.475,2019-03-10,12:39:00 PM,Credit card,819.5,4.761904762,40.975,6.0,819.5,0.0,2019,3,10,Sunday
386-27-7606,Giza,Naypyitaw,Member,Female,Home And Lifestyle,81.2,7,28.42,596.82,2019-03-23,3:59:00 PM,Credit card,568.4,4.761904762,28.42,8.1,568.4,0.0,2019,3,23,Saturday
137-63-5492,Giza,Naypyitaw,Normal,Male,Electronic Accessories,58.76,10,29.38,616.98,2019-01-29,2:26:00 PM,Ewallet,587.6,4.761904762,29.38,9.0,587.6,0.0,2019,1,29,Tuesday
197-77-7132,Cairo,Mandalay,Member,Male,Electronic Accessories,91.56,8,36.624,769.104,2019-01-12,6:22:00 PM,Ewallet,732.48,4.761904762,36.624,6.0,732.48,0.0,2019,1,12,Saturday
805-86-0265,Alex,Yangon,Normal,Male,Home And Lifestyle,93.96,9,42.282,887.922,2019-03-20,11:32:00 AM,Cash,845.64,4.761904762,42.282,9.8,845.64,0.0,2019,3,20,Wednesday
733-29-1227,Giza,Naypyitaw,Normal,Male,Home And Lifestyle,55.61,7,19.4635,408.7335,2019-03-23,12:41:00 PM,Cash,389.27,4.761904762,19.4635,8.5,389.27,0.0,2019,3,23,Saturday
451-73-2711,Giza,Naypyitaw,Normal,Male,Food And Beverages,84.83,1,4.2415,89.0715,2019-01-14,3:20:00 PM,Ewallet,84.83,4.761904762,4.2415,8.8,84.83,0.0,2019,1,14,Monday
373-14-0504,Alex,Yangon,Member,Female,Sports And Travel,71.63,2,7.163,150.423,2019-02-12,2:33:00 PM,Ewallet,143.26,4.761904762,7.163,8.8,143.26,0.0,2019,2,12,Tuesday
546-80-2899,Alex,Yangon,Member,Male,Home And Lifestyle,37.69,2,3.769,79.149,2019-02-20,3:29:00 PM,Ewallet,75.38,4.761904762,3.769,9.5,75.38,0.0,2019,2,20,Wednesday
345-68-9016,Giza,Naypyitaw,Member,Female,Sports And Travel,31.67,8,12.668,266.028,2019-01-02,4:19:00 PM,Credit card,253.36,4.761904762,12.668,5.6,253.36,0.0,2019,1,2,Wednesday
390-17-5806,Giza,Naypyitaw,Member,Female,Food And Beverages,38.42,1,1.921,40.341,2019-02-02,4:33:00 PM,Cash,38.42,4.761904762,1.921,8.6,38.42,0.0,2019,2,2,Saturday
457-13-1708,Cairo,Mandalay,Member,Male,Fashion Accessories,65.23,10,32.615,684.915,2019-01-08,7:07:00 PM,Credit card,652.3,4.761904762,32.615,5.2,652.3000000000001,1.1368683772161603e-13,2019,1,8,Tuesday
664-14-2882,Giza,Naypyitaw,Member,Female,Home And Lifestyle,10.53,5,2.6325,55.2825,2019-01-30,2:43:00 PM,Credit card,52.65,4.761904762,2.6325,5.8,52.65,0.0,2019,1,30,Wednesday
487-79-6868,Cairo,Mandalay,Member,Female,Home And Lifestyle,12.29,9,5.5305,116.1405,2019-03-26,7:28:00 PM,Credit card,110.61,4.761904762,5.5305,8.0,110.60999999999999,1.4210854715202004e-14,2019,3,26,Tuesday
314-23-4520,Giza,Naypyitaw,Member,Male,Health And Beauty,81.23,7,28.4305,597.0405,2019-01-15,8:44:00 PM,Cash,568.61,4.761904762,28.4305,9.0,568.61,0.0,2019,1,15,Tuesday
210-30-7976,Cairo,Mandalay,Member,Female,Fashion Accessories,22.32,4,4.464,93.744,2019-03-14,11:16:00 AM,Ewallet,89.28,4.761904762,4.464,4.1,89.28,0.0,2019,3,14,Thursday
585-86-8361,Alex,Yangon,Normal,Female,Food And Beverages,27.28,5,6.82,143.22,2019-02-03,10:31:00 AM,Credit card,136.4,4.761904762,6.82,8.6,136.4,0.0,2019,2,3,Sunday
807-14-7833,Alex,Yangon,Member,Female,Electronic Accessories,17.42,10,8.71,182.91,2019-02-22,12:30:00 PM,Ewallet,174.2,4.761904762,8.71,7.0,174.20000000000002,2.842170943040401e-14,2019,2,22,Friday
775-72-1988,Cairo,Mandalay,Normal,Male,Home And Lifestyle,73.28,5,18.32,384.72,2019-01-24,3:05:00 PM,Ewallet,366.4,4.761904762,18.32,8.4,366.4,0.0,2019,1,24,Thursday
288-38-3758,Giza,Naypyitaw,Member,Female,Fashion Accessories,84.87,3,12.7305,267.3405,2019-01-25,6:30:00 PM,Ewallet,254.61,4.761904762,12.7305,7.4,254.61,0.0,2019,1,25,Friday
652-43-6591,Alex,Yangon,Normal,Female,Fashion Accessories,97.29,8,38.916,817.236,2019-03-09,1:18:00 PM,Credit card,778.32,4.761904762,38.916,6.2,778.32,0.0,2019,3,9,Saturday
785-96-0615,Cairo,Mandalay,Member,Female,Electronic Accessories,35.74,8,14.296,300.216,2019-02-17,3:28:00 PM,Ewallet,285.92,4.761904762,14.296,4.9,285.92,0.0,2019,2,17,Sunday
406-46-7107,Alex,Yangon,Normal,Female,Home And Lifestyle,96.52,6,28.956,608.076,2019-01-11,11:52:00 AM,Cash,579.12,4.761904762,28.956,4.5,579.12,0.0,2019,1,11,Friday
250-17-5703,Alex,Yangon,Member,Male,Food And Beverages,18.85,10,9.425,197.925,2019-02-27,6:24:00 PM,Ewallet,188.5,4.761904762,9.425,5.6,188.5,0.0,2019,2,27,Wednesday
156-95-3964,Alex,Yangon,Normal,Female,Food And Beverages,55.39,4,11.078,232.638,2019-03-25,3:19:00 PM,Ewallet,221.56,4.761904762,11.078,8.0,221.56,0.0,2019,3,25,Monday
842-40-8179,Cairo,Mandalay,Member,Female,Food And Beverages,77.2,10,38.6,810.6,2019-02-11,10:38:00 AM,Credit card,772.0,4.761904762,38.6,5.6,772.0,0.0,2019,2,11,Monday
525-09-8450,Cairo,Mandalay,Normal,Male,Electronic Accessories,72.13,10,36.065,757.365,2019-01-31,3:12:00 PM,Credit card,721.3,4.761904762,36.065,4.2,721.3,0.0,2019,1,31,Thursday
410-67-1709,Alex,Yangon,Member,Female,Fashion Accessories,63.88,8,25.552,536.592,2019-01-20,5:48:00 PM,Ewallet,511.04,4.761904762,25.552,9.9,511.04,0.0,2019,1,20,Sunday
587-73-4862,Alex,Yangon,Member,Female,Health And Beauty,10.69,5,2.6725,56.1225,2019-03-26,11:07:00 AM,Ewallet,53.45,4.761904762,2.6725,7.6,53.449999999999996,7.105427357601002e-15,2019,3,26,Tuesday
787-87-2010,Alex,Yangon,Member,Male,Health And Beauty,55.5,4,11.1,233.1,2019-01-20,3:48:00 PM,Credit card,222.0,4.761904762,11.1,6.6,222.0,0.0,2019,1,20,Sunday
593-14-4239,Cairo,Mandalay,Normal,Female,Home And Lifestyle,95.46,8,38.184,801.864,2019-03-05,7:40:00 PM,Ewallet,763.68,4.761904762,38.184,4.7,763.68,0.0,2019,3,5,Tuesday
801-88-0346,Giza,Naypyitaw,Normal,Female,Fashion Accessories,76.06,3,11.409,239.589,2019-01-05,8:30:00 PM,Credit card,228.18,4.761904762,11.409,9.8,228.18,0.0,2019,1,5,Saturday
388-76-2555,Cairo,Mandalay,Normal,Male,Sports And Travel,13.69,6,4.107,86.247,2019-02-13,1:59:00 PM,Cash,82.14,4.761904762,4.107,6.3,82.14,0.0,2019,2,13,Wednesday
711-31-1234,Cairo,Mandalay,Normal,Female,Electronic Accessories,95.64,4,19.128,401.688,2019-03-16,6:51:00 PM,Cash,382.56,4.761904762,19.128,7.9,382.56,0.0,2019,3,16,Saturday
886-54-6089,Alex,Yangon,Normal,Female,Home And Lifestyle,11.43,6,3.429,72.009,2019-01-15,5:24:00 PM,Cash,68.58,4.761904762,3.429,7.7,68.58,0.0,2019,1,15,Tuesday
707-32-7409,Cairo,Mandalay,Member,Female,Sports And Travel,95.54,4,19.108,401.268,2019-02-26,11:58:00 AM,Ewallet,382.16,4.761904762,19.108,4.5,382.16,0.0,2019,2,26,Tuesday
759-98-4285,Giza,Naypyitaw,Member,Female,Health And Beauty,85.87,7,30.0545,631.1445,2019-02-27,7:01:00 PM,Credit card,601.09,4.761904762,30.0545,8.0,601.09,0.0,2019,2,27,Wednesday
201-63-8275,Giza,Naypyitaw,Member,Female,Sports And Travel,67.99,7,23.7965,499.7265,2019-02-17,4:50:00 PM,Ewallet,475.93,4.761904762,23.7965,5.7,475.92999999999995,5.684341886080802e-14,2019,2,17,Sunday
471-06-8611,Giza,Naypyitaw,Normal,Female,Food And Beverages,52.42,1,2.621,55.041,2019-02-06,10:22:00 AM,Credit card,52.42,4.761904762,2.621,6.3,52.42,0.0,2019,2,6,Wednesday
200-16-5952,Giza,Naypyitaw,Member,Male,Food And Beverages,65.65,2,6.565,137.865,2019-01-17,4:46:00 PM,Cash,131.3,4.761904762,6.565,6.0,131.3,0.0,2019,1,17,Thursday
120-54-2248,Cairo,Mandalay,Normal,Female,Food And Beverages,28.86,5,7.215,151.515,2019-01-22,6:08:00 PM,Credit card,144.3,4.761904762,7.215,8.0,144.3,0.0,2019,1,22,Tuesday
102-77-2261,Giza,Naypyitaw,Member,Male,Health And Beauty,65.31,7,22.8585,480.0285,2019-03-05,6:02:00 PM,Credit card,457.17,4.761904762,22.8585,4.2,457.17,0.0,2019,3,5,Tuesday
875-31-8302,Cairo,Mandalay,Normal,Male,Sports And Travel,93.38,1,4.669,98.049,2019-01-03,1:07:00 PM,Cash,93.38,4.761904762,4.669,9.6,93.38,0.0,2019,1,3,Thursday
102-06-2002,Giza,Naypyitaw,Member,Male,Sports And Travel,25.25,5,6.3125,132.5625,2019-03-20,5:52:00 PM,Cash,126.25,4.761904762,6.3125,6.1,126.25,0.0,2019,3,20,Wednesday
457-94-0464,Cairo,Mandalay,Member,Male,Electronic Accessories,87.87,9,39.5415,830.3715,2019-01-31,8:32:00 PM,Ewallet,790.83,4.761904762,39.5415,5.6,790.83,0.0,2019,1,31,Thursday
629-42-4133,Giza,Naypyitaw,Normal,Male,Health And Beauty,21.8,8,8.72,183.12,2019-02-19,7:24:00 PM,Cash,174.4,4.761904762,8.72,8.3,174.4,0.0,2019,2,19,Tuesday
534-53-3526,Alex,Yangon,Normal,Female,Sports And Travel,94.76,4,18.952,397.992,2019-02-11,4:06:00 PM,Ewallet,379.04,4.761904762,18.952,7.8,379.04,0.0,2019,2,11,Monday
307-04-2070,Alex,Yangon,Member,Female,Fashion Accessories,30.62,1,1.531,32.151,2019-02-05,2:14:00 PM,Credit card,30.62,4.761904762,1.531,4.1,30.62,0.0,2019,2,5,Tuesday
468-99-7231,Giza,Naypyitaw,Normal,Female,Home And Lifestyle,44.01,8,17.604,369.684,2019-03-03,5:36:00 PM,Cash,352.08,4.761904762,17.604,8.8,352.08,0.0,2019,3,3,Sunday
516-77-6464,Giza,Naypyitaw,Member,Female,Health And Beauty,10.16,5,2.54,53.34,2019-02-24,1:08:00 PM,Ewallet,50.8,4.761904762,2.54,4.1,50.8,0.0,2019,2,24,Sunday
404-91-5964,Alex,Yangon,Normal,Male,Electronic Accessories,74.58,7,26.103,548.163,2019-02-04,4:09:00 PM,Credit card,522.06,4.761904762,26.103,9.0,522.06,0.0,2019,2,4,Monday
886-77-9084,Giza,Naypyitaw,Normal,Male,Electronic Accessories,71.89,8,28.756,603.876,2019-02-19,11:33:00 AM,Ewallet,575.12,4.761904762,28.756,5.5,575.12,0.0,2019,2,19,Tuesday
790-38-4466,Giza,Naypyitaw,Normal,Female,Health And Beauty,10.99,5,2.7475,57.6975,2019-01-23,10:18:00 AM,Credit card,54.95,4.761904762,2.7475,9.3,54.95,0.0,2019,1,23,Wednesday
704-10-4056,Giza,Naypyitaw,Member,Male,Health And Beauty,60.47,3,9.0705,190.4805,2019-01-14,10:55:00 AM,Credit card,181.41,4.761904762,9.0705,5.6,181.41,0.0,2019,1,14,Monday
497-37-6538,Alex,Yangon,Normal,Male,Sports And Travel,58.91,7,20.6185,432.9885,2019-01-17,3:15:00 PM,Ewallet,412.37,4.761904762,20.6185,9.7,412.37,0.0,2019,1,17,Thursday
651-96-5970,Alex,Yangon,Normal,Male,Fashion Accessories,46.41,1,2.3205,48.7305,2019-03-03,8:06:00 PM,Credit card,46.41,4.761904762,2.3205,4.0,46.41,0.0,2019,3,3,Sunday
400-80-4065,Giza,Naypyitaw,Member,Male,Health And Beauty,68.55,4,13.71,287.91,2019-02-15,8:21:00 PM,Credit card,274.2,4.761904762,13.71,9.2,274.2,0.0,2019,2,15,Friday
744-16-7898,Cairo,Mandalay,Normal,Female,Home And Lifestyle,97.37,10,48.685,1022.385,2019-01-15,1:48:00 PM,Credit card,973.7,4.761904762,48.685,4.9,973.7,0.0,2019,1,15,Tuesday
263-12-5321,Alex,Yangon,Member,Male,Electronic Accessories,92.6,7,32.41,680.61,2019-02-27,12:52:00 PM,Credit card,648.2,4.761904762,32.41,9.3,648.1999999999999,1.1368683772161603e-13,2019,2,27,Wednesday
702-72-0487,Alex,Yangon,Normal,Female,Electronic Accessories,46.61,2,4.661,97.881,2019-02-26,12:28:00 PM,Credit card,93.22,4.761904762,4.661,6.6,93.22,0.0,2019,2,26,Tuesday
605-83-1050,Cairo,Mandalay,Normal,Male,Fashion Accessories,27.18,2,2.718,57.078,2019-03-15,4:26:00 PM,Ewallet,54.36,4.761904762,2.718,4.3,54.36,0.0,2019,3,15,Friday
443-60-9639,Giza,Naypyitaw,Member,Female,Home And Lifestyle,60.87,1,3.0435,63.9135,2019-01-24,1:24:00 PM,Cash,60.87,4.761904762,3.0435,5.5,60.87,0.0,2019,1,24,Thursday
864-24-7918,Alex,Yangon,Member,Female,Sports And Travel,24.49,10,12.245,257.145,2019-02-22,3:15:00 PM,Cash,244.9,4.761904762,12.245,8.1,244.89999999999998,2.842170943040401e-14,2019,2,22,Friday
359-94-5395,Cairo,Mandalay,Normal,Male,Health And Beauty,92.78,1,4.639,97.419,2019-03-15,10:50:00 AM,Credit card,92.78,4.761904762,4.639,9.8,92.78,0.0,2019,3,15,Friday
401-09-4232,Giza,Naypyitaw,Member,Male,Home And Lifestyle,86.69,5,21.6725,455.1225,2019-02-11,6:38:00 PM,Ewallet,433.45,4.761904762,21.6725,9.4,433.45,0.0,2019,2,11,Monday
751-15-6198,Cairo,Mandalay,Normal,Male,Sports And Travel,23.01,6,6.903,144.963,2019-01-12,4:45:00 PM,Ewallet,138.06,4.761904762,6.903,7.9,138.06,0.0,2019,1,12,Saturday
324-41-6833,Giza,Naypyitaw,Member,Female,Electronic Accessories,30.2,8,12.08,253.68,2019-03-03,7:30:00 PM,Ewallet,241.6,4.761904762,12.08,5.1,241.6,0.0,2019,3,3,Sunday
474-33-8305,Giza,Naypyitaw,Member,Male,Fashion Accessories,67.39,7,23.5865,495.3165,2019-03-23,1:23:00 PM,Ewallet,471.73,4.761904762,23.5865,6.9,471.73,0.0,2019,3,23,Saturday
759-29-9521,Alex,Yangon,Member,Female,Fashion Accessories,48.96,9,22.032,462.672,2019-03-04,11:27:00 AM,Cash,440.64,4.761904762,22.032,8.0,440.64,0.0,2019,3,4,Monday
831-81-6575,Cairo,Mandalay,Member,Female,Electronic Accessories,75.59,9,34.0155,714.3255,2019-02-23,11:12:00 AM,Cash,680.31,4.761904762,34.0155,8.0,680.3100000000001,1.1368683772161603e-13,2019,2,23,Saturday
220-68-6701,Alex,Yangon,Normal,Female,Home And Lifestyle,77.47,4,15.494,325.374,2019-03-17,4:36:00 PM,Cash,309.88,4.761904762,15.494,4.2,309.88,0.0,2019,3,17,Sunday
618-34-8551,Alex,Yangon,Normal,Female,Sports And Travel,93.18,2,9.318,195.678,2019-01-16,6:41:00 PM,Credit card,186.36,4.761904762,9.318,8.5,186.36,0.0,2019,1,16,Wednesday
257-60-7754,Alex,Yangon,Normal,Female,Electronic Accessories,50.23,4,10.046,210.966,2019-01-08,5:12:00 PM,Cash,200.92,4.761904762,10.046,9.0,200.92,0.0,2019,1,8,Tuesday
559-61-5987,Cairo,Mandalay,Normal,Female,Health And Beauty,17.75,1,0.8875,18.6375,2019-01-14,10:38:00 AM,Cash,17.75,4.761904762,0.8875,8.6,17.75,0.0,2019,1,14,Monday
189-55-2313,Giza,Naypyitaw,Normal,Female,Fashion Accessories,62.18,10,31.09,652.89,2019-01-31,10:33:00 AM,Ewallet,621.8,4.761904762,31.09,6.0,621.8,0.0,2019,1,31,Thursday
565-91-4567,Cairo,Mandalay,Normal,Male,Health And Beauty,10.75,8,4.3,90.3,2019-03-15,2:38:00 PM,Ewallet,86.0,4.761904762,4.3,6.2,86.0,0.0,2019,3,15,Friday
380-60-5336,Alex,Yangon,Normal,Female,Electronic Accessories,40.26,10,20.13,422.73,2019-02-24,6:06:00 PM,Credit card,402.6,4.761904762,20.13,5.0,402.59999999999997,5.684341886080802e-14,2019,2,24,Sunday
815-04-6282,Giza,Naypyitaw,Member,Female,Sports And Travel,64.97,5,16.2425,341.0925,2019-02-08,12:52:00 PM,Credit card,324.85,4.761904762,16.2425,6.5,324.85,0.0,2019,2,8,Friday
674-56-6360,Alex,Yangon,Normal,Male,Electronic Accessories,95.15,1,4.7575,99.9075,2019-03-22,2:00:00 PM,Cash,95.15,4.761904762,4.7575,6.0,95.15,0.0,2019,3,22,Friday
778-34-2523,Alex,Yangon,Member,Female,Electronic Accessories,48.62,8,19.448,408.408,2019-01-24,10:57:00 AM,Cash,388.96,4.761904762,19.448,5.0,388.96,0.0,2019,1,24,Thursday
499-27-7781,Cairo,Mandalay,Normal,Female,Food And Beverages,53.21,8,21.284,446.964,2019-03-14,4:45:00 PM,Ewallet,425.68,4.761904762,21.284,5.0,425.68,0.0,2019,3,14,Thursday
477-59-2456,Giza,Naypyitaw,Normal,Female,Fashion Accessories,45.44,7,15.904,333.984,2019-01-23,11:15:00 AM,Cash,318.08,4.761904762,15.904,9.2,318.08,0.0,2019,1,23,Wednesday
832-51-6761,Alex,Yangon,Normal,Male,Food And Beverages,33.88,8,13.552,284.592,2019-01-19,8:29:00 PM,Ewallet,271.04,4.761904762,13.552,9.6,271.04,0.0,2019,1,19,Saturday
869-11-3082,Cairo,Mandalay,Member,Male,Health And Beauty,96.16,4,19.232,403.872,2019-01-27,8:03:00 PM,Credit card,384.64,4.761904762,19.232,8.4,384.64,0.0,2019,1,27,Sunday
190-59-3964,Cairo,Mandalay,Member,Male,Food And Beverages,47.16,5,11.79,247.59,2019-02-03,2:35:00 PM,Credit card,235.8,4.761904762,11.79,6.0,235.79999999999998,2.842170943040401e-14,2019,2,3,Sunday
366-43-6862,Cairo,Mandalay,Normal,Male,Electronic Accessories,52.89,4,10.578,222.138,2019-03-25,4:32:00 PM,Ewallet,211.56,4.761904762,10.578,6.7,211.56,0.0,2019,3,25,Monday
186-43-8965,Alex,Yangon,Member,Female,Home And Lifestyle,47.68,2,4.768,100.128,2019-02-24,10:10:00 AM,Credit card,95.36,4.761904762,4.768,4.1,95.36,0.0,2019,2,24,Sunday
784-21-9238,Giza,Naypyitaw,Member,Male,Sports And Travel,10.17,1,0.5085,10.6785,2019-02-07,2:15:00 PM,Cash,10.17,4.761904762,0.5085,5.9,10.17,0.0,2019,2,7,Thursday
276-75-6884,Alex,Yangon,Normal,Female,Health And Beauty,68.71,3,10.3065,216.4365,2019-03-04,10:05:00 AM,Cash,206.13,4.761904762,10.3065,8.7,206.13,0.0,2019,3,4,Monday
109-86-4363,Cairo,Mandalay,Member,Female,Sports And Travel,60.08,7,21.028,441.588,2019-02-14,11:36:00 AM,Credit card,420.56,4.761904762,21.028,4.5,420.56,0.0,2019,2,14,Thursday
569-76-2760,Alex,Yangon,Member,Female,Sports And Travel,22.01,4,4.402,92.442,2019-01-29,6:15:00 PM,Credit card,88.04,4.761904762,4.402,6.6,88.04,0.0,2019,1,29,Tuesday
222-42-0244,Cairo,Mandalay,Member,Female,Health And Beauty,72.11,9,32.4495,681.4395,2019-01-28,1:53:00 PM,Credit card,648.99,4.761904762,32.4495,7.7,648.99,0.0,2019,1,28,Monday
760-53-9233,Alex,Yangon,Member,Male,Fashion Accessories,41.28,3,6.192,130.032,2019-03-26,6:37:00 PM,Credit card,123.84,4.761904762,6.192,8.5,123.84,0.0,2019,3,26,Tuesday
538-22-0304,Giza,Naypyitaw,Normal,Male,Electronic Accessories,64.95,10,32.475,681.975,2019-03-24,6:27:00 PM,Cash,649.5,4.761904762,32.475,5.2,649.5,0.0,2019,3,24,Sunday
416-17-9926,Alex,Yangon,Member,Female,Electronic Accessories,74.22,10,37.11,779.31,2019-01-01,2:42:00 PM,Credit card,742.2,4.761904762,37.11,4.3,742.2,0.0,2019,1,1,Tuesday
237-44-6163,Alex,Yangon,Normal,Male,Electronic Accessories,10.56,8,4.224,88.704,2019-01-24,5:43:00 PM,Cash,84.48,4.761904762,4.224,7.6,84.48,0.0,2019,1,24,Thursday
636-17-0325,Cairo,Mandalay,Normal,Male,Health And Beauty,62.57,4,12.514,262.794,2019-02-25,6:37:00 PM,Cash,250.28,4.761904762,12.514,9.5,250.28,0.0,2019,2,25,Monday
343-75-9322,Cairo,Mandalay,Member,Female,Sports And Travel,11.85,8,4.74,99.54,2019-01-09,4:34:00 PM,Cash,94.8,4.761904762,4.74,4.1,94.8,0.0,2019,1,9,Wednesday
528-14-9470,Alex,Yangon,Member,Male,Health And Beauty,91.3,1,4.565,95.865,2019-02-14,2:42:00 PM,Ewallet,91.3,4.761904762,4.565,9.2,91.3,0.0,2019,2,14,Thursday
427-45-9297,Cairo,Mandalay,Member,Female,Home And Lifestyle,40.73,7,14.2555,299.3655,2019-03-12,11:01:00 AM,Ewallet,285.11,4.761904762,14.2555,5.4,285.10999999999996,5.684341886080802e-14,2019,3,12,Tuesday
807-34-3742,Alex,Yangon,Normal,Male,Fashion Accessories,52.38,1,2.619,54.999,2019-03-26,7:44:00 PM,Cash,52.38,4.761904762,2.619,5.8,52.38,0.0,2019,3,26,Tuesday
288-62-1085,Alex,Yangon,Member,Male,Fashion Accessories,38.54,5,9.635,202.335,2019-01-09,1:34:00 PM,Ewallet,192.7,4.761904762,9.635,5.6,192.7,0.0,2019,1,9,Wednesday
670-71-7306,Cairo,Mandalay,Normal,Male,Sports And Travel,44.63,6,13.389,281.169,2019-01-02,8:08:00 PM,Credit card,267.78,4.761904762,13.389,5.1,267.78000000000003,5.684341886080802e-14,2019,1,2,Wednesday
660-29-7083,Giza,Naypyitaw,Normal,Male,Electronic Accessories,55.87,10,27.935,586.635,2019-01-15,3:01:00 PM,Cash,558.7,4.761904762,27.935,5.8,558.6999999999999,1.1368683772161603e-13,2019,1,15,Tuesday
271-77-8740,Giza,Naypyitaw,Member,Female,Sports And Travel,29.22,6,8.766,184.086,2019-01-01,11:40:00 AM,Ewallet,175.32,4.761904762,8.766,5.0,175.32,0.0,2019,1,1,Tuesday
497-36-0989,Alex,Yangon,Normal,Male,Fashion Accessories,51.94,3,7.791,163.611,2019-02-15,3:21:00 PM,Cash,155.82,4.761904762,7.791,7.9,155.82,0.0,2019,2,15,Friday
291-59-1384,Cairo,Mandalay,Normal,Male,Electronic Accessories,60.3,1,3.015,63.315,2019-02-28,5:38:00 PM,Cash,60.3,4.761904762,3.015,6.0,60.3,0.0,2019,2,28,Thursday
860-73-6466,Alex,Yangon,Member,Female,Sports And Travel,39.47,2,3.947,82.887,2019-03-02,4:16:00 PM,Credit card,78.94,4.761904762,3.947,5.0,78.94,0.0,2019,3,2,Saturday
549-23-9016,Giza,Naypyitaw,Member,Female,Food And Beverages,14.87,2,1.487,31.227,2019-02-13,6:15:00 PM,Credit card,29.74,4.761904762,1.487,8.9,29.74,0.0,2019,2,13,Wednesday
896-34-0956,Alex,Yangon,Normal,Male,Fashion Accessories,21.32,1,1.066,22.386,2019-01-26,12:43:00 PM,Cash,21.32,4.761904762,1.066,5.9,21.32,0.0,2019,1,26,Saturday
804-38-3935,Alex,Yangon,Member,Male,Electronic Accessories,93.78,3,14.067,295.407,2019-01-30,11:32:00 AM,Credit card,281.34,4.761904762,14.067,5.9,281.34000000000003,5.684341886080802e-14,2019,1,30,Wednesday
585-90-0249,Alex,Yangon,Member,Male,Electronic Accessories,73.26,1,3.663,76.923,2019-01-27,6:08:00 PM,Ewallet,73.26,4.761904762,3.663,9.7,73.26,0.0,2019,1,27,Sunday
862-29-5914,Giza,Naypyitaw,Normal,Female,Sports And Travel,22.38,1,1.119,23.499,2019-01-30,5:08:00 PM,Credit card,22.38,4.761904762,1.119,8.6,22.38,0.0,2019,1,30,Wednesday
845-94-6841,Giza,Naypyitaw,Member,Female,Food And Beverages,72.88,9,32.796,688.716,2019-01-08,7:38:00 PM,Cash,655.92,4.761904762,32.796,4.0,655.92,0.0,2019,1,8,Tuesday
125-45-2293,Alex,Yangon,Normal,Female,Fashion Accessories,99.1,6,29.73,624.33,2019-01-19,1:11:00 PM,Cash,594.6,4.761904762,29.73,4.2,594.5999999999999,1.1368683772161603e-13,2019,1,19,Saturday
843-73-4724,Alex,Yangon,Normal,Male,Fashion Accessories,74.1,1,3.705,77.805,2019-01-25,11:05:00 AM,Cash,74.1,4.761904762,3.705,9.2,74.1,0.0,2019,1,25,Friday
409-33-9708,Alex,Yangon,Normal,Female,Fashion Accessories,98.48,2,9.848,206.808,2019-02-19,10:12:00 AM,Ewallet,196.96,4.761904762,9.848,9.2,196.96,0.0,2019,2,19,Tuesday
658-66-3967,Giza,Naypyitaw,Normal,Male,Health And Beauty,53.19,7,18.6165,390.9465,2019-01-14,3:42:00 PM,Ewallet,372.33,4.761904762,18.6165,5.0,372.33,0.0,2019,1,14,Monday
866-70-2814,Cairo,Mandalay,Normal,Female,Electronic Accessories,52.79,10,26.395,554.295,2019-02-25,11:58:00 AM,Ewallet,527.9,4.761904762,26.395,10.0,527.9,0.0,2019,2,25,Monday
160-22-2687,Alex,Yangon,Member,Female,Health And Beauty,95.95,5,23.9875,503.7375,2019-01-23,2:21:00 PM,Ewallet,479.75,4.761904762,23.9875,8.8,479.75,0.0,2019,1,23,Wednesday
895-03-6665,Cairo,Mandalay,Normal,Female,Fashion Accessories,36.51,9,16.4295,345.0195,2019-02-16,10:52:00 AM,Cash,328.59,4.761904762,16.4295,4.2,328.59,0.0,2019,2,16,Saturday
770-42-8960,Cairo,Mandalay,Normal,Male,Food And Beverages,21.12,8,8.448,177.408,2019-01-01,7:31:00 PM,Cash,168.96,4.761904762,8.448,6.3,168.96,0.0,2019,1,1,Tuesday
748-45-2862,Alex,Yangon,Member,Female,Home And Lifestyle,28.31,4,5.662,118.902,2019-03-07,6:35:00 PM,Cash,113.24,4.761904762,5.662,8.2,113.24,0.0,2019,3,7,Thursday
234-36-2483,Cairo,Mandalay,Normal,Male,Health And Beauty,57.59,6,17.277,362.817,2019-02-15,1:51:00 PM,Cash,345.54,4.761904762,17.277,5.1,345.54,0.0,2019,2,15,Friday
316-66-3011,Alex,Yangon,Member,Female,Food And Beverages,47.63,9,21.4335,450.1035,2019-01-23,12:35:00 PM,Cash,428.67,4.761904762,21.4335,5.0,428.67,0.0,2019,1,23,Wednesday
848-95-6252,Giza,Naypyitaw,Member,Female,Home And Lifestyle,86.27,1,4.3135,90.5835,2019-02-20,1:24:00 PM,Ewallet,86.27,4.761904762,4.3135,7.0,86.27,0.0,2019,2,20,Wednesday
840-76-5966,Alex,Yangon,Member,Male,Sports And Travel,12.76,2,1.276,26.796,2019-01-08,6:06:00 PM,Ewallet,25.52,4.761904762,1.276,7.8,25.52,0.0,2019,1,8,Tuesday
152-03-4217,Cairo,Mandalay,Normal,Female,Home And Lifestyle,11.28,9,5.076,106.596,2019-03-17,11:55:00 AM,Credit card,101.52,4.761904762,5.076,4.3,101.52,0.0,2019,3,17,Sunday
533-66-5566,Cairo,Mandalay,Normal,Female,Home And Lifestyle,51.07,7,17.8745,375.3645,2019-01-12,11:42:00 AM,Cash,357.49,4.761904762,17.8745,7.0,357.49,0.0,2019,1,12,Saturday
124-31-1458,Alex,Yangon,Member,Female,Electronic Accessories,79.59,3,11.9385,250.7085,2019-01-08,2:30:00 PM,Cash,238.77,4.761904762,11.9385,6.6,238.77,0.0,2019,1,8,Tuesday
176-78-1170,Giza,Naypyitaw,Member,Male,Health And Beauty,33.81,3,5.0715,106.5015,2019-01-26,3:11:00 PM,Ewallet,101.43,4.761904762,5.0715,7.3,101.43,0.0,2019,1,26,Saturday
361-59-0574,Cairo,Mandalay,Member,Male,Sports And Travel,90.53,8,36.212,760.452,2019-03-15,2:48:00 PM,Credit card,724.24,4.761904762,36.212,6.5,724.24,0.0,2019,3,15,Friday
101-81-4070,Giza,Naypyitaw,Member,Female,Health And Beauty,62.82,2,6.282,131.922,2019-01-17,12:36:00 PM,Ewallet,125.64,4.761904762,6.282,4.9,125.64,0.0,2019,1,17,Thursday
631-34-1880,Giza,Naypyitaw,Member,Male,Food And Beverages,24.31,3,3.6465,76.5765,2019-01-08,7:09:00 PM,Credit card,72.93,4.761904762,3.6465,4.3,72.92999999999999,1.4210854715202004e-14,2019,1,8,Tuesday
852-82-2749,Alex,Yangon,Normal,Male,Sports And Travel,64.59,4,12.918,271.278,2019-01-06,1:35:00 PM,Ewallet,258.36,4.761904762,12.918,9.3,258.36,0.0,2019,1,6,Sunday
873-14-6353,Alex,Yangon,Member,Male,Food And Beverages,24.82,7,8.687,182.427,2019-02-16,10:33:00 AM,Credit card,173.74,4.761904762,8.687,7.1,173.74,0.0,2019,2,16,Saturday
584-66-4073,Giza,Naypyitaw,Normal,Male,Fashion Accessories,56.5,1,2.825,59.325,2019-03-13,3:45:00 PM,Ewallet,56.5,4.761904762,2.825,9.6,56.5,0.0,2019,3,13,Wednesday
544-55-9589,Cairo,Mandalay,Member,Female,Electronic Accessories,21.43,10,10.715,225.015,2019-01-28,11:51:00 AM,Cash,214.3,4.761904762,10.715,6.2,214.3,0.0,2019,1,28,Monday
166-19-2553,Alex,Yangon,Member,Male,Sports And Travel,89.06,6,26.718,561.078,2019-01-18,5:26:00 PM,Cash,534.36,4.761904762,26.718,9.9,534.36,0.0,2019,1,18,Friday
737-88-5876,Alex,Yangon,Member,Male,Home And Lifestyle,23.29,4,4.658,97.818,2019-03-19,11:52:00 AM,Credit card,93.16,4.761904762,4.658,5.9,93.16,0.0,2019,3,19,Tuesday
154-87-7367,Giza,Naypyitaw,Normal,Male,Home And Lifestyle,65.26,8,26.104,548.184,2019-03-15,2:04:00 PM,Ewallet,522.08,4.761904762,26.104,6.3,522.08,0.0,2019,3,15,Friday
885-56-0389,Giza,Naypyitaw,Member,Male,Fashion Accessories,52.35,1,2.6175,54.9675,2019-02-12,5:49:00 PM,Cash,52.35,4.761904762,2.6175,4.0,52.35,0.0,2019,2,12,Tuesday
608-05-3804,Cairo,Mandalay,Member,Male,Electronic Accessories,39.75,1,1.9875,41.7375,2019-02-25,8:19:00 PM,Cash,39.75,4.761904762,1.9875,6.1,39.75,0.0,2019,2,25,Monday
448-61-3783,Alex,Yangon,Normal,Female,Electronic Accessories,90.02,8,36.008,756.168,2019-03-21,4:08:00 PM,Credit card,720.16,4.761904762,36.008,4.5,720.16,0.0,2019,3,21,Thursday
761-49-0439,Cairo,Mandalay,Member,Female,Electronic Accessories,12.1,8,4.84,101.64,2019-01-19,10:17:00 AM,Ewallet,96.8,4.761904762,4.84,8.6,96.8,0.0,2019,1,19,Saturday
490-95-0021,Cairo,Mandalay,Member,Female,Food And Beverages,33.21,10,16.605,348.705,2019-01-08,2:25:00 PM,Ewallet,332.1,4.761904762,16.605,6.0,332.1,0.0,2019,1,8,Tuesday
115-38-7388,Giza,Naypyitaw,Member,Female,Fashion Accessories,10.18,8,4.072,85.512,2019-03-30,12:51:00 PM,Credit card,81.44,4.761904762,4.072,9.5,81.44,0.0,2019,3,30,Saturday
311-13-6971,Cairo,Mandalay,Member,Male,Sports And Travel,31.99,10,15.995,335.895,2019-02-20,3:18:00 PM,Credit card,319.9,4.761904762,15.995,9.9,319.9,0.0,2019,2,20,Wednesday
291-55-6563,Alex,Yangon,Member,Female,Home And Lifestyle,34.42,6,10.326,216.846,2019-03-30,12:45:00 PM,Ewallet,206.52,4.761904762,10.326,7.5,206.52,0.0,2019,3,30,Saturday
548-48-3156,Alex,Yangon,Member,Female,Food And Beverages,83.34,2,8.334,175.014,2019-03-19,1:37:00 PM,Cash,166.68,4.761904762,8.334,7.6,166.68,0.0,2019,3,19,Tuesday
460-93-5834,Alex,Yangon,Normal,Male,Sports And Travel,45.58,7,15.953,335.013,2019-01-13,10:03:00 AM,Cash,319.06,4.761904762,15.953,5.0,319.06,0.0,2019,1,13,Sunday
325-89-4209,Alex,Yangon,Member,Male,Food And Beverages,87.9,1,4.395,92.295,2019-02-05,7:42:00 PM,Ewallet,87.9,4.761904762,4.395,6.7,87.9,0.0,2019,2,5,Tuesday
884-80-6021,Alex,Yangon,Member,Female,Electronic Accessories,73.47,10,36.735,771.435,2019-03-23,1:14:00 PM,Ewallet,734.7,4.761904762,36.735,9.5,734.7,0.0,2019,3,23,Saturday
137-74-8729,Giza,Naypyitaw,Normal,Female,Fashion Accessories,12.19,8,4.876,102.396,2019-03-13,12:47:00 PM,Ewallet,97.52,4.761904762,4.876,6.8,97.52,0.0,2019,3,13,Wednesday
880-46-5796,Alex,Yangon,Member,Male,Sports And Travel,76.92,10,38.46,807.66,2019-03-17,7:53:00 PM,Ewallet,769.2,4.761904762,38.46,5.6,769.2,0.0,2019,3,17,Sunday
389-70-2397,Giza,Naypyitaw,Normal,Female,Health And Beauty,83.66,5,20.915,439.215,2019-02-21,10:26:00 AM,Cash,418.3,4.761904762,20.915,7.2,418.29999999999995,5.684341886080802e-14,2019,2,21,Thursday
114-35-5271,Cairo,Mandalay,Normal,Female,Electronic Accessories,57.91,8,23.164,486.444,2019-02-07,3:06:00 PM,Cash,463.28,4.761904762,23.164,8.1,463.28,0.0,2019,2,7,Thursday
607-76-6216,Giza,Naypyitaw,Member,Female,Fashion Accessories,92.49,5,23.1225,485.5725,2019-03-02,4:35:00 PM,Credit card,462.45,4.761904762,23.1225,8.6,462.45,0.0,2019,3,2,Saturday
715-20-1673,Cairo,Mandalay,Normal,Male,Electronic Accessories,28.38,5,7.095,148.995,2019-03-06,8:57:00 PM,Cash,141.9,4.761904762,7.095,9.4,141.9,0.0,2019,3,6,Wednesday
811-35-1094,Cairo,Mandalay,Member,Male,Electronic Accessories,50.45,6,15.135,317.835,2019-02-06,3:16:00 PM,Credit card,302.7,4.761904762,15.135,8.9,302.70000000000005,5.684341886080802e-14,2019,2,6,Wednesday
699-88-1972,Cairo,Mandalay,Normal,Male,Health And Beauty,99.16,8,39.664,832.944,2019-01-28,5:47:00 PM,Credit card,793.28,4.761904762,39.664,4.2,793.28,0.0,2019,1,28,Monday
781-84-8059,Giza,Naypyitaw,Normal,Male,Fashion Accessories,60.74,7,21.259,446.439,2019-01-18,4:23:00 PM,Ewallet,425.18,4.761904762,21.259,5.0,425.18,0.0,2019,1,18,Friday
409-49-6995,Giza,Naypyitaw,Member,Female,Food And Beverages,47.27,6,14.181,297.801,2019-02-05,10:17:00 AM,Cash,283.62,4.761904762,14.181,8.8,283.62,0.0,2019,2,5,Tuesday
725-54-0677,Giza,Naypyitaw,Member,Male,Health And Beauty,85.6,7,29.96,629.16,2019-03-02,1:50:00 PM,Cash,599.2,4.761904762,29.96,5.3,599.1999999999999,1.1368683772161603e-13,2019,3,2,Saturday
146-09-5432,Alex,Yangon,Member,Male,Food And Beverages,35.04,9,15.768,331.128,2019-02-09,7:17:00 PM,Ewallet,315.36,4.761904762,15.768,4.6,315.36,0.0,2019,2,9,Saturday
377-79-7592,Giza,Naypyitaw,Member,Female,Electronic Accessories,44.84,9,20.178,423.738,2019-01-14,2:00:00 PM,Credit card,403.56,4.761904762,20.178,7.5,403.56000000000006,5.684341886080802e-14,2019,1,14,Monday
509-10-0516,Cairo,Mandalay,Normal,Male,Home And Lifestyle,45.97,4,9.194,193.074,2019-02-09,12:02:00 PM,Ewallet,183.88,4.761904762,9.194,5.1,183.88,0.0,2019,2,9,Saturday
595-94-9924,Alex,Yangon,Member,Female,Health And Beauty,27.73,5,6.9325,145.5825,2019-03-26,8:21:00 PM,Credit card,138.65,4.761904762,6.9325,4.2,138.65,0.0,2019,3,26,Tuesday
865-41-9075,Alex,Yangon,Normal,Male,Food And Beverages,11.53,7,4.0355,84.7455,2019-01-28,5:35:00 PM,Cash,80.71,4.761904762,4.0355,8.1,80.71,0.0,2019,1,28,Monday
545-07-8534,Giza,Naypyitaw,Normal,Female,Health And Beauty,58.32,2,5.832,122.472,2019-02-14,12:42:00 PM,Ewallet,116.64,4.761904762,5.832,6.0,116.64,0.0,2019,2,14,Thursday
118-62-1812,Giza,Naypyitaw,Member,Female,Home And Lifestyle,78.38,4,15.676,329.196,2019-03-24,5:56:00 PM,Cash,313.52,4.761904762,15.676,7.9,313.52,0.0,2019,3,24,Sunday
450-42-3339,Giza,Naypyitaw,Normal,Male,Health And Beauty,84.61,10,42.305,888.405,2019-02-09,6:58:00 PM,Credit card,846.1,4.761904762,42.305,8.8,846.1,0.0,2019,2,9,Saturday
851-98-3555,Cairo,Mandalay,Normal,Female,Health And Beauty,82.88,5,20.72,435.12,2019-03-24,2:08:00 PM,Credit card,414.4,4.761904762,20.72,6.6,414.4,0.0,2019,3,24,Sunday
186-71-5196,Alex,Yangon,Member,Female,Food And Beverages,79.54,2,7.954,167.034,2019-03-27,4:30:00 PM,Ewallet,159.08,4.761904762,7.954,6.2,159.08,0.0,2019,3,27,Wednesday
624-01-8356,Cairo,Mandalay,Normal,Female,Home And Lifestyle,49.01,10,24.505,514.605,2019-01-27,10:44:00 AM,Credit card,490.1,4.761904762,24.505,4.2,490.09999999999997,5.684341886080802e-14,2019,1,27,Sunday
313-66-9943,Cairo,Mandalay,Member,Female,Food And Beverages,29.15,3,4.3725,91.8225,2019-03-27,8:29:00 PM,Credit card,87.45,4.761904762,4.3725,7.3,87.44999999999999,1.4210854715202004e-14,2019,3,27,Wednesday
151-27-8496,Giza,Naypyitaw,Normal,Female,Electronic Accessories,56.13,4,11.226,235.746,2019-01-19,11:43:00 AM,Ewallet,224.52,4.761904762,11.226,8.6,224.52,0.0,2019,1,19,Saturday
453-33-6436,Alex,Yangon,Normal,Female,Home And Lifestyle,93.12,8,37.248,782.208,2019-02-07,10:09:00 AM,Cash,744.96,4.761904762,37.248,6.8,744.96,0.0,2019,2,7,Thursday
522-57-8364,Alex,Yangon,Member,Male,Fashion Accessories,51.34,8,20.536,431.256,2019-01-31,10:00:00 AM,Ewallet,410.72,4.761904762,20.536,7.6,410.72,0.0,2019,1,31,Thursday
459-45-2396,Alex,Yangon,Member,Female,Food And Beverages,99.6,3,14.94,313.74,2019-02-25,6:45:00 PM,Cash,298.8,4.761904762,14.94,5.8,298.79999999999995,5.684341886080802e-14,2019,2,25,Monday
717-96-4189,Giza,Naypyitaw,Normal,Female,Electronic Accessories,35.49,6,10.647,223.587,2019-02-02,12:40:00 PM,Cash,212.94,4.761904762,10.647,4.1,212.94,0.0,2019,2,2,Saturday
722-13-2115,Giza,Naypyitaw,Member,Male,Sports And Travel,42.85,1,2.1425,44.9925,2019-03-14,3:36:00 PM,Credit card,42.85,4.761904762,2.1425,9.3,42.85,0.0,2019,3,14,Thursday
749-81-8133,Alex,Yangon,Normal,Female,Fashion Accessories,94.67,4,18.934,397.614,2019-03-11,12:04:00 PM,Cash,378.68,4.761904762,18.934,6.8,378.68,0.0,2019,3,11,Monday
777-67-2495,Cairo,Mandalay,Normal,Male,Home And Lifestyle,68.97,3,10.3455,217.2555,2019-02-22,11:26:00 AM,Ewallet,206.91,4.761904762,10.3455,8.7,206.91,0.0,2019,2,22,Friday
636-98-3364,Cairo,Mandalay,Member,Female,Electronic Accessories,26.26,3,3.939,82.719,2019-03-02,12:36:00 PM,Ewallet,78.78,4.761904762,3.939,6.3,78.78,0.0,2019,3,2,Saturday
246-55-6923,Giza,Naypyitaw,Member,Female,Home And Lifestyle,35.79,9,16.1055,338.2155,2019-03-10,3:06:00 PM,Credit card,322.11,4.761904762,16.1055,5.1,322.11,0.0,2019,3,10,Sunday
181-82-6255,Cairo,Mandalay,Normal,Female,Home And Lifestyle,16.37,6,4.911,103.131,2019-02-08,10:58:00 AM,Cash,98.22,4.761904762,4.911,7.0,98.22,0.0,2019,2,8,Friday
838-02-1821,Giza,Naypyitaw,Member,Female,Home And Lifestyle,12.73,2,1.273,26.733,2019-02-22,12:10:00 PM,Credit card,25.46,4.761904762,1.273,5.2,25.46,0.0,2019,2,22,Friday
887-42-0517,Giza,Naypyitaw,Normal,Female,Sports And Travel,83.14,7,29.099,611.079,2019-01-10,10:31:00 AM,Credit card,581.98,4.761904762,29.099,6.6,581.98,0.0,2019,1,10,Thursday
457-12-0244,Giza,Naypyitaw,Member,Female,Sports And Travel,35.22,6,10.566,221.886,2019-03-14,1:49:00 PM,Ewallet,211.32,4.761904762,10.566,6.5,211.32,0.0,2019,3,14,Thursday
226-34-0034,Cairo,Mandalay,Normal,Female,Electronic Accessories,13.78,4,2.756,57.876,2019-01-10,11:10:00 AM,Ewallet,55.12,4.761904762,2.756,9.0,55.12,0.0,2019,1,10,Thursday
321-49-7382,Cairo,Mandalay,Member,Male,Sports And Travel,88.31,1,4.4155,92.7255,2019-02-15,5:38:00 PM,Credit card,88.31,4.761904762,4.4155,5.2,88.31,0.0,2019,2,15,Friday
397-25-8725,Alex,Yangon,Member,Female,Health And Beauty,39.62,9,17.829,374.409,2019-01-13,5:54:00 PM,Credit card,356.58,4.761904762,17.829,6.8,356.58,0.0,2019,1,13,Sunday
431-66-2305,Cairo,Mandalay,Normal,Female,Electronic Accessories,88.25,9,39.7125,833.9625,2019-02-15,8:51:00 PM,Credit card,794.25,4.761904762,39.7125,7.6,794.25,0.0,2019,2,15,Friday
825-94-5922,Cairo,Mandalay,Normal,Male,Sports And Travel,25.31,2,2.531,53.151,2019-03-02,7:26:00 PM,Ewallet,50.62,4.761904762,2.531,7.2,50.62,0.0,2019,3,2,Saturday
641-62-7288,Cairo,Mandalay,Normal,Male,Home And Lifestyle,99.92,6,29.976,629.496,2019-03-24,1:33:00 PM,Ewallet,599.52,4.761904762,29.976,7.1,599.52,0.0,2019,3,24,Sunday
756-93-1854,Giza,Naypyitaw,Member,Female,Fashion Accessories,83.35,2,8.335,175.035,2019-02-02,2:05:00 PM,Credit card,166.7,4.761904762,8.335,9.5,166.7,0.0,2019,2,2,Saturday
243-55-8457,Alex,Yangon,Normal,Female,Food And Beverages,74.44,10,37.22,781.62,2019-02-27,11:40:00 AM,Ewallet,744.4,4.761904762,37.22,5.1,744.4,0.0,2019,2,27,Wednesday
458-10-8612,Giza,Naypyitaw,Normal,Male,Health And Beauty,64.08,7,22.428,470.988,2019-01-20,12:27:00 PM,Ewallet,448.56,4.761904762,22.428,7.6,448.56,0.0,2019,1,20,Sunday
501-61-1753,Cairo,Mandalay,Normal,Female,Home And Lifestyle,63.15,6,18.945,397.845,2019-01-03,8:24:00 PM,Ewallet,378.9,4.761904762,18.945,9.8,378.9,0.0,2019,1,3,Thursday
235-06-8510,Giza,Naypyitaw,Member,Male,Home And Lifestyle,85.72,3,12.858,270.018,2019-01-24,8:59:00 PM,Ewallet,257.16,4.761904762,12.858,5.1,257.15999999999997,5.684341886080802e-14,2019,1,24,Thursday
433-08-7822,Giza,Naypyitaw,Normal,Female,Health And Beauty,78.89,7,27.6115,579.8415,2019-01-05,7:48:00 PM,Ewallet,552.23,4.761904762,27.6115,7.5,552.23,0.0,2019,1,5,Saturday
361-85-2571,Alex,Yangon,Normal,Female,Sports And Travel,89.48,5,22.37,469.77,2019-03-30,10:18:00 AM,Cash,447.4,4.761904762,22.37,7.4,447.40000000000003,5.684341886080802e-14,2019,3,30,Saturday
131-70-8179,Alex,Yangon,Member,Female,Health And Beauty,92.09,3,13.8135,290.0835,2019-02-17,4:27:00 PM,Cash,276.27,4.761904762,13.8135,4.2,276.27,0.0,2019,2,17,Sunday
500-02-2261,Giza,Naypyitaw,Normal,Female,Food And Beverages,57.29,6,17.187,360.927,2019-03-21,5:04:00 PM,Ewallet,343.74,4.761904762,17.187,5.9,343.74,0.0,2019,3,21,Thursday
720-72-2436,Alex,Yangon,Normal,Male,Food And Beverages,66.52,4,13.304,279.384,2019-03-02,6:14:00 PM,Ewallet,266.08,4.761904762,13.304,6.9,266.08,0.0,2019,3,2,Saturday
702-83-5291,Giza,Naypyitaw,Member,Male,Fashion Accessories,99.82,9,44.919,943.299,2019-03-27,10:43:00 AM,Cash,898.38,4.761904762,44.919,6.6,898.3799999999999,1.1368683772161603e-13,2019,3,27,Wednesday
809-69-9497,Alex,Yangon,Normal,Female,Home And Lifestyle,45.68,10,22.84,479.64,2019-01-19,7:30:00 PM,Ewallet,456.8,4.761904762,22.84,5.7,456.8,0.0,2019,1,19,Saturday
449-16-6770,Alex,Yangon,Normal,Male,Health And Beauty,50.79,5,12.6975,266.6475,2019-02-19,2:53:00 PM,Credit card,253.95,4.761904762,12.6975,5.3,253.95,0.0,2019,2,19,Tuesday
333-23-2632,Alex,Yangon,Member,Male,Health And Beauty,10.08,7,3.528,74.088,2019-03-28,8:14:00 PM,Cash,70.56,4.761904762,3.528,4.2,70.56,0.0,2019,3,28,Thursday
489-82-1237,Alex,Yangon,Normal,Female,Electronic Accessories,93.88,7,32.858,690.018,2019-01-05,11:51:00 AM,Credit card,657.16,4.761904762,32.858,7.3,657.16,0.0,2019,1,5,Saturday
859-97-6048,Giza,Naypyitaw,Member,Male,Electronic Accessories,84.25,2,8.425,176.925,2019-03-26,2:13:00 PM,Credit card,168.5,4.761904762,8.425,5.3,168.5,0.0,2019,3,26,Tuesday
676-10-2200,Cairo,Mandalay,Member,Male,Fashion Accessories,53.78,1,2.689,56.469,2019-02-03,8:13:00 PM,Ewallet,53.78,4.761904762,2.689,4.7,53.78,0.0,2019,2,3,Sunday
373-88-1424,Giza,Naypyitaw,Member,Male,Home And Lifestyle,35.81,5,8.9525,188.0025,2019-02-06,6:44:00 PM,Ewallet,179.05,4.761904762,8.9525,7.9,179.05,0.0,2019,2,6,Wednesday
365-16-4334,Cairo,Mandalay,Normal,Female,Food And Beverages,26.43,8,10.572,222.012,2019-02-24,2:26:00 PM,Ewallet,211.44,4.761904762,10.572,8.9,211.44,0.0,2019,2,24,Sunday
503-21-4385,Cairo,Mandalay,Member,Male,Health And Beauty,39.91,3,5.9865,125.7165,2019-02-21,12:40:00 PM,Ewallet,119.73,4.761904762,5.9865,9.3,119.72999999999999,1.4210854715202004e-14,2019,2,21,Thursday
305-89-2768,Cairo,Mandalay,Member,Female,Home And Lifestyle,21.9,3,3.285,68.985,2019-01-09,6:43:00 PM,Ewallet,65.7,4.761904762,3.285,4.7,65.69999999999999,1.4210854715202004e-14,2019,1,9,Wednesday
574-80-1489,Cairo,Mandalay,Member,Female,Food And Beverages,62.85,4,12.57,263.97,2019-02-25,1:22:00 PM,Ewallet,251.4,4.761904762,12.57,8.7,251.4,0.0,2019,2,25,Monday
784-08-0310,Giza,Naypyitaw,Member,Female,Food And Beverages,21.04,4,4.208,88.368,2019-01-13,1:58:00 PM,Cash,84.16,4.761904762,4.208,7.6,84.16,0.0,2019,1,13,Sunday
200-40-6154,Cairo,Mandalay,Member,Male,Home And Lifestyle,65.91,6,19.773,415.233,2019-02-09,11:45:00 AM,Cash,395.46,4.761904762,19.773,5.7,395.46,0.0,2019,2,9,Saturday
846-10-0341,Alex,Yangon,Normal,Female,Fashion Accessories,42.57,7,14.8995,312.8895,2019-01-06,11:51:00 AM,Cash,297.99,4.761904762,14.8995,6.8,297.99,0.0,2019,1,6,Sunday
577-34-7579,Giza,Naypyitaw,Member,Male,Food And Beverages,50.49,9,22.7205,477.1305,2019-01-10,5:16:00 PM,Cash,454.41,4.761904762,22.7205,5.4,454.41,0.0,2019,1,10,Thursday
430-02-3888,Cairo,Mandalay,Normal,Male,Electronic Accessories,46.02,6,13.806,289.926,2019-02-07,3:55:00 PM,Cash,276.12,4.761904762,13.806,7.1,276.12,0.0,2019,2,7,Thursday
867-47-1948,Giza,Naypyitaw,Normal,Female,Home And Lifestyle,15.8,10,7.9,165.9,2019-01-09,12:07:00 PM,Cash,158.0,4.761904762,7.9,7.8,158.0,0.0,2019,1,9,Wednesday
384-59-6655,Alex,Yangon,Member,Female,Food And Beverages,98.66,9,44.397,932.337,2019-02-19,3:07:00 PM,Cash,887.94,4.761904762,44.397,8.4,887.9399999999999,1.1368683772161603e-13,2019,2,19,Tuesday
256-58-3609,Giza,Naypyitaw,Member,Male,Fashion Accessories,91.98,1,4.599,96.579,2019-03-18,3:29:00 PM,Cash,91.98,4.761904762,4.599,9.8,91.98,0.0,2019,3,18,Monday
324-92-3863,Alex,Yangon,Member,Male,Electronic Accessories,20.89,2,2.089,43.869,2019-02-05,6:45:00 PM,Cash,41.78,4.761904762,2.089,9.8,41.78,0.0,2019,2,5,Tuesday
593-08-5916,Alex,Yangon,Normal,Female,Fashion Accessories,15.5,1,0.775,16.275,2019-03-19,3:23:00 PM,Credit card,15.5,4.761904762,0.775,7.4,15.5,0.0,2019,3,19,Tuesday
364-34-2972,Giza,Naypyitaw,Member,Male,Electronic Accessories,96.82,3,14.523,304.983,2019-03-30,8:37:00 PM,Cash,290.46,4.761904762,14.523,6.7,290.46,0.0,2019,3,30,Saturday
794-42-3736,Cairo,Mandalay,Normal,Male,Food And Beverages,33.33,2,3.333,69.993,2019-01-26,2:41:00 PM,Credit card,66.66,4.761904762,3.333,6.4,66.66,0.0,2019,1,26,Saturday
172-42-8274,Cairo,Mandalay,Normal,Female,Electronic Accessories,38.27,2,3.827,80.367,2019-03-02,6:18:00 PM,Credit card,76.54,4.761904762,3.827,5.8,76.54,0.0,2019,3,2,Saturday
558-60-5016,Alex,Yangon,Normal,Female,Home And Lifestyle,33.3,9,14.985,314.685,2019-03-04,3:27:00 PM,Ewallet,299.7,4.761904762,14.985,7.2,299.7,0.0,2019,3,4,Monday
195-06-0432,Alex,Yangon,Member,Male,Home And Lifestyle,81.01,3,12.1515,255.1815,2019-01-13,12:55:00 PM,Credit card,243.03,4.761904762,12.1515,9.3,243.03000000000003,2.842170943040401e-14,2019,1,13,Sunday
605-03-2706,Alex,Yangon,Normal,Female,Health And Beauty,15.8,3,2.37,49.77,2019-03-25,6:02:00 PM,Cash,47.4,4.761904762,2.37,9.5,47.400000000000006,7.105427357601002e-15,2019,3,25,Monday
214-30-2776,Cairo,Mandalay,Member,Female,Electronic Accessories,34.49,5,8.6225,181.0725,2019-03-11,7:44:00 PM,Credit card,172.45,4.761904762,8.6225,9.0,172.45000000000002,2.842170943040401e-14,2019,3,11,Monday
746-04-1077,Cairo,Mandalay,Member,Female,Food And Beverages,84.63,10,42.315,888.615,2019-01-01,11:36:00 AM,Credit card,846.3,4.761904762,42.315,9.0,846.3,0.0,2019,1,1,Tuesday
448-34-8700,Cairo,Mandalay,Member,Male,Home And Lifestyle,36.91,7,12.9185,271.2885,2019-02-10,1:51:00 PM,Ewallet,258.37,4.761904762,12.9185,6.7,258.37,0.0,2019,2,10,Sunday
452-04-8808,Cairo,Mandalay,Normal,Male,Electronic Accessories,87.08,7,30.478,640.038,2019-01-26,3:17:00 PM,Cash,609.56,4.761904762,30.478,5.5,609.56,0.0,2019,1,26,Saturday
531-56-4728,Alex,Yangon,Normal,Male,Home And Lifestyle,80.08,3,12.012,252.252,2019-02-11,3:29:00 PM,Cash,240.24,4.761904762,12.012,5.4,240.24,0.0,2019,2,11,Monday
744-82-9138,Giza,Naypyitaw,Normal,Male,Fashion Accessories,86.13,2,8.613,180.873,2019-02-07,5:59:00 PM,Cash,172.26,4.761904762,8.613,8.2,172.26,0.0,2019,2,7,Thursday
883-69-1285,Cairo,Mandalay,Member,Male,Fashion Accessories,49.92,2,4.992,104.832,2019-03-06,11:55:00 AM,Credit card,99.84,4.761904762,4.992,7.0,99.84,0.0,2019,3,6,Wednesday
221-25-5073,Alex,Yangon,Normal,Female,Food And Beverages,74.66,4,14.932,313.572,2019-03-04,10:39:00 AM,Cash,298.64,4.761904762,14.932,8.5,298.64,0.0,2019,3,4,Monday
518-71-6847,Cairo,Mandalay,Member,Male,Food And Beverages,26.6,6,7.98,167.58,2019-02-26,3:10:00 PM,Ewallet,159.6,4.761904762,7.98,4.9,159.60000000000002,2.842170943040401e-14,2019,2,26,Tuesday
156-20-0370,Cairo,Mandalay,Normal,Female,Electronic Accessories,25.45,1,1.2725,26.7225,2019-03-10,6:10:00 PM,Credit card,25.45,4.761904762,1.2725,5.1,25.45,0.0,2019,3,10,Sunday
151-33-7434,Cairo,Mandalay,Normal,Female,Food And Beverages,67.77,1,3.3885,71.1585,2019-02-04,8:43:00 PM,Credit card,67.77,4.761904762,3.3885,6.5,67.77,0.0,2019,2,4,Monday
728-47-9078,Giza,Naypyitaw,Member,Male,Food And Beverages,59.59,4,11.918,250.278,2019-01-19,12:46:00 PM,Cash,238.36,4.761904762,11.918,9.8,238.36,0.0,2019,1,19,Saturday
809-46-1866,Alex,Yangon,Normal,Male,Health And Beauty,58.15,4,11.63,244.23,2019-01-23,5:44:00 PM,Cash,232.6,4.761904762,11.63,8.4,232.6,0.0,2019,1,23,Wednesday
139-32-4183,Alex,Yangon,Member,Female,Sports And Travel,97.48,9,43.866,921.186,2019-03-14,2:19:00 PM,Ewallet,877.32,4.761904762,43.866,7.4,877.32,0.0,2019,3,14,Thursday
148-41-7930,Giza,Naypyitaw,Normal,Male,Health And Beauty,99.96,7,34.986,734.706,2019-01-23,10:33:00 AM,Cash,699.72,4.761904762,34.986,6.1,699.7199999999999,1.1368683772161603e-13,2019,1,23,Wednesday
189-40-5216,Giza,Naypyitaw,Normal,Male,Electronic Accessories,96.37,7,33.7295,708.3195,2019-01-09,11:40:00 AM,Cash,674.59,4.761904762,33.7295,6.0,674.59,0.0,2019,1,9,Wednesday
374-38-5555,Cairo,Mandalay,Normal,Female,Fashion Accessories,63.71,5,15.9275,334.4775,2019-02-07,7:30:00 PM,Ewallet,318.55,4.761904762,15.9275,8.5,318.55,0.0,2019,2,7,Thursday
764-44-8999,Cairo,Mandalay,Normal,Female,Health And Beauty,14.76,2,1.476,30.996,2019-02-18,2:42:00 PM,Ewallet,29.52,4.761904762,1.476,4.3,29.52,0.0,2019,2,18,Monday
552-44-5977,Cairo,Mandalay,Member,Male,Health And Beauty,62.0,8,24.8,520.8,2019-01-03,7:08:00 PM,Credit card,496.0,4.761904762,24.8,6.2,496.0,0.0,2019,1,3,Thursday
267-62-7380,Giza,Naypyitaw,Member,Male,Electronic Accessories,82.34,10,41.17,864.57,2019-03-29,7:12:00 PM,Ewallet,823.4,4.761904762,41.17,4.3,823.4000000000001,1.1368683772161603e-13,2019,3,29,Friday
430-53-4718,Cairo,Mandalay,Member,Male,Health And Beauty,75.37,8,30.148,633.108,2019-01-28,3:46:00 PM,Credit card,602.96,4.761904762,30.148,8.4,602.96,0.0,2019,1,28,Monday
886-18-2897,Alex,Yangon,Normal,Female,Food And Beverages,56.56,5,14.14,296.94,2019-03-22,7:06:00 PM,Credit card,282.8,4.761904762,14.14,4.5,282.8,0.0,2019,3,22,Friday
602-16-6955,Cairo,Mandalay,Normal,Female,Sports And Travel,76.6,10,38.3,804.3,2019-01-24,6:10:00 PM,Ewallet,766.0,4.761904762,38.3,6.0,766.0,0.0,2019,1,24,Thursday
745-74-0715,Alex,Yangon,Normal,Male,Electronic Accessories,58.03,2,5.803,121.863,2019-03-10,8:46:00 PM,Ewallet,116.06,4.761904762,5.803,8.8,116.06,0.0,2019,3,10,Sunday
690-01-6631,Cairo,Mandalay,Normal,Male,Fashion Accessories,17.49,10,8.745,183.645,2019-02-22,6:35:00 PM,Ewallet,174.9,4.761904762,8.745,6.6,174.89999999999998,2.842170943040401e-14,2019,2,22,Friday
652-49-6720,Giza,Naypyitaw,Member,Female,Electronic Accessories,60.95,1,3.0475,63.9975,2019-02-18,11:40:00 AM,Ewallet,60.95,4.761904762,3.0475,5.9,60.95,0.0,2019,2,18,Monday
233-67-5758,Giza,Naypyitaw,Normal,Male,Health And Beauty,40.35,1,2.0175,42.3675,2019-01-29,1:46:00 PM,Ewallet,40.35,4.761904762,2.0175,6.2,40.35,0.0,2019,1,29,Tuesday
303-96-2227,Cairo,Mandalay,Normal,Female,Home And Lifestyle,97.38,10,48.69,1022.49,2019-03-02,5:16:00 PM,Ewallet,973.8,4.761904762,48.69,4.4,973.8,0.0,2019,3,2,Saturday
727-02-1313,Alex,Yangon,Member,Male,Food And Beverages,31.84,1,1.592,33.432,2019-02-09,1:22:00 PM,Cash,31.84,4.761904762,1.592,7.7,31.84,0.0,2019,2,9,Saturday
347-56-2442,Alex,Yangon,Normal,Male,Home And Lifestyle,65.82,1,3.291,69.111,2019-02-22,3:33:00 PM,Cash,65.82,4.761904762,3.291,4.1,65.82,0.0,2019,2,22,Friday
849-09-3807,Alex,Yangon,Member,Female,Fashion Accessories,88.34,7,30.919,649.299,2019-02-18,1:28:00 PM,Cash,618.38,4.761904762,30.919,6.6,618.38,0.0,2019,2,18,Monday
